Car_Name,Model,Price_INR,Range_km,Battery_kWh,Efficiency_Whkm,Fastcharge_kW,Acceleration_sec(0-100)
Tesla,Model Y Long Range AWD,5458950.0,455.0,75.0,165.0,124.0,4.8
Tesla,Model Y RWD,4723950.0,375.0,60.0,160.0,110.0,5.9
MG,MG4 Electric 64 kWh,3096975.0,360.0,61.7,171.0,115.0,7.9
BMW,iX xDrive40,7340025.0,360.0,71.0,197.0,102.0,6.1
BMW,iX3 50 xDrive,6169275.0,610.0,108.7,178.0,225.0,4.9
Mercedes-Benz,CLA 250+,4789575.0,585.0,85.0,145.0,235.0,6.7
Fiat,500e Hatchback 42 kWh,2939475.0,235.0,37.3,159.0,67.0,9.0
,Born 150 kW - 58 kWh,3583125.0,350.0,58.0,166.0,82.0,7.3
Tesla,Model 3 Long Range RWD,4723950.0,550.0,75.0,136.0,124.0,5.2
Tesla,Model 3 RWD,4198950.0,440.0,60.0,136.0,110.0,6.1
Kia,EV3 Long Range,3779475.0,455.0,78.0,171.0,105.0,7.7
,Born 170 kW - 77 kWh,4160625.0,450.0,77.0,171.0,115.0,7.0
Tesla,Model 3 Long Range RWD,4723950.0,580.0,79.0,136.0,120.0,5.2
Tesla,Model Y Long Range RWD,5143950.0,470.0,75.0,160.0,124.0,5.6
Renault,Twingo E-Tech 27.5 kWh,1890000.0,190.0,27.5,145.0,40.0,12.1
Tesla,Model Y Long Range AWD,5458950.0,445.0,75.0,169.0,124.0,5.0
Tesla,Model 3 Standard Range Plus,4251450.0,320.0,49.0,153.0,105.0,5.6
BYD,ATTO 3,3905475.0,330.0,60.5,183.0,71.0,7.3
Tesla,Model Y Performance,6298950.0,430.0,75.0,174.0,124.0,4.0
Renault,5 E-Tech 52kWh 150hp,2676975.0,335.0,52.0,155.0,70.0,8.0
BYD,ATTO 2,3239250.0,245.0,45.1,184.0,51.0,7.9
Leapmotor,B10 67.1 kWh,3306975.0,360.0,65.0,181.0,110.0,8.0
Tesla,Model 3 Performance,6298950.0,490.0,75.0,153.0,124.0,3.4
BYD,SEALION 7 91.3 kWh AWD Excellence,6193950.0,440.0,91.3,208.0,165.0,4.5
Tesla,Model Y Long Range RWD,4933950.0,455.0,75.0,165.0,124.0,5.9
Tesla,Model Y Standard RWD,,380.0,60.0,158.0,110.0,7.2
Volvo,EX30 Single Motor ER,3912300.0,365.0,65.0,178.0,114.0,5.3
Tesla,Model Y Performance,6508950.0,460.0,79.0,172.0,120.0,3.8
Mercedes-Benz,GLC 400 4MATIC,6825000.0,500.0,94.0,188.0,190.0,4.3
Škoda,Elroq 85,3576300.0,450.0,77.0,171.0,120.0,6.6
Mazda,6e 68.8 kWh,3990000.0,385.0,66.0,171.0,120.0,7.6
Hyundai,Kona Electric 65 kWh,4052475.0,390.0,65.4,168.0,86.0,7.8
Tesla,Model 3 Long Range AWD,5248950.0,525.0,75.0,143.0,124.0,4.4
BMW,iX1 xDrive30,4983825.0,380.0,64.7,170.0,93.0,5.6
Fiat,Grande Panda,2208675.0,260.0,43.8,168.0,60.0,11.0
Leapmotor,T03,1521975.0,225.0,36.0,160.0,30.0,12.7
Audi,e-tron 55 quattro,7658175.0,365.0,86.5,237.0,146.0,5.7
BMW,iX3,6737325.0,385.0,74.0,192.0,104.0,6.8
Tesla,Model Y Premium AWD,5458950.0,475.0,79.0,166.0,120.0,4.8
Kia,Niro EV,3915975.0,385.0,64.8,168.0,70.0,7.8
Kia,EV4 Hatchback 81.4 kWh,3957975.0,475.0,78.0,164.0,105.0,7.7
Hyundai,IONIQ 5 84 kWh RWD,4557000.0,450.0,80.0,178.0,205.0,7.5
Tesla,Model S Plaid,10500000.0,560.0,95.0,170.0,140.0,2.4
Toyota,bZ4X FWD,3884475.0,350.0,64.0,183.0,100.0,7.5
BYD,SEAL 82.5 kWh AWD Excellence,5112975.0,445.0,82.5,185.0,100.0,3.8
Volkswagen,ID.4 Pro,4833675.0,445.0,77.0,173.0,120.0,6.7
BYD,SEALION 7 82.5 kWh RWD Comfort,4933950.0,420.0,82.5,196.0,115.0,6.7
Renault,Megane E-Tech EV60 220hp,3989475.0,380.0,60.0,158.0,87.0,7.4
Tesla,Model 3 Long Range AWD,4933950.0,455.0,73.5,162.0,163.0,4.6
Tesla,Model 3 Standard Range Plus,4303950.0,350.0,51.0,146.0,105.0,5.6
Mercedes-Benz,EQS 450+,11824050.0,685.0,118.0,172.0,160.0,6.2
Mercedes-Benz,EQB 250+,5544000.0,415.0,70.5,170.0,90.0,8.9
Toyota,C-HR+ 77 kWh,,430.0,72.0,167.0,110.0,7.3
Volkswagen,e-Golf,2947875.0,190.0,32.0,168.0,39.0,9.6
Hyundai,INSTER Long Range,2629725.0,300.0,46.0,153.0,70.0,10.6
XPENG,G6 RWD Long Range,,435.0,80.0,184.0,290.0,6.7
BYD,DOLPHIN 60.4 kWh,3170475.0,350.0,60.5,173.0,65.0,7.0
Zeekr,7X Performance AWD,,475.0,94.0,198.0,260.0,3.8
MG,MGS5  EV 64 kWh,3254475.0,365.0,62.1,170.0,90.0,6.3
Tesla,Model Y RWD,4723950.0,345.0,57.0,165.0,108.0,6.9
Renault,Zoe ZE50 R110,3054975.0,315.0,52.0,165.0,41.0,11.4
MG,ZS EV Long Range,3464475.0,370.0,68.3,185.0,82.0,8.4
Hyundai,Kona Electric 64 kWh,3963750.0,390.0,64.0,164.0,64.0,7.9
BYD,TANG Flagship,,460.0,108.8,237.0,100.0,4.9
Zeekr,7X Long Range RWD,,490.0,94.0,192.0,260.0,6.0
BMW,i4 eDrive40,6078450.0,515.0,80.7,157.0,131.0,5.7
Tesla,Model 3 Long Range AWD,5353950.0,485.0,75.0,155.0,124.0,4.4
Škoda,Elroq 60,3366300.0,350.0,59.0,169.0,110.0,8.5
BMW,i3 120 Ah,3549525.0,235.0,37.9,161.0,47.0,7.3
Mercedes-Benz,EQC 400 4MATIC,7804650.0,370.0,80.0,216.0,100.0,5.1
Tesla,Model 3 Long Range AWD,5248950.0,465.0,72.0,155.0,108.0,4.4
Kia,EV3 Standard Range,3464475.0,325.0,55.0,169.0,80.0,7.5
BYD,DOLPHIN SURF 43.2 kWh Comfort,2514750.0,265.0,43.2,163.0,60.0,9.1
Mercedes-Benz,CLA 350 4MATIC,5250000.0,575.0,85.0,148.0,235.0,4.9
Ford,Explorer Extended Range RWD,4816875.0,435.0,77.0,177.0,120.0,6.4
Volkswagen,ID.7 Pro,5412750.0,475.0,77.0,162.0,125.0,6.5
Tesla,Model 3 Long Range AWD,5248950.0,555.0,79.0,142.0,120.0,4.4
BMW,iX1 eDrive20,4773825.0,390.0,64.7,166.0,93.0,8.3
Tesla,Model S Dual Motor,8925000.0,575.0,95.0,165.0,140.0,3.2
BYD,ATTO 3,3959025.0,340.0,60.5,178.0,75.0,7.3
Ford,Puma Gen-E,2755725.0,275.0,43.6,159.0,85.0,8.0
Hyundai,IONIQ 6 Long Range 2WD,4939200.0,495.0,74.0,149.0,200.0,7.4
,Box 42.3 kWh,,255.0,40.0,157.0,51.0,12.5
Tesla,Model 3 RWD,4198950.0,420.0,57.0,136.0,108.0,6.1
Changan,Deepal S05 RWD,,385.0,68.0,177.0,130.0,7.5
MG,MG5 Electric Long Range,3254475.0,335.0,57.4,171.0,60.0,7.7
,EX5,3358950.0,330.0,60.2,182.0,95.0,6.9
Mini,Countryman E,4260900.0,380.0,64.6,170.0,93.0,8.6
Renault,Scenic E-Tech EV87 220hp,3726975.0,480.0,87.0,181.0,95.0,7.9
Kia,EV6 Long Range AWD,5468925.0,440.0,80.0,182.0,205.0,5.2
Tesla,Model 3 Long Range AWD,,490.0,76.0,155.0,135.0,4.4
Omoda,E5,3470775.0,330.0,58.9,178.0,80.0,7.6
Mercedes-Benz,EQA 250,,395.0,66.5,168.0,100.0,8.6
Tesla,Model 3 Performance,6298950.0,470.0,76.0,162.0,135.0,3.6
Kia,EV6 Long Range 2WD,4750725.0,410.0,74.0,180.0,200.0,7.3
Citroën,ë-C3 Comfort Range 44 kWh,2162475.0,255.0,43.8,172.0,60.0,11.5
Audi,Q4 e-tron 45,5387550.0,420.0,77.0,183.0,120.0,6.7
Lucid,Air Grand Touring,,720.0,117.0,163.0,190.0,3.2
Škoda,Enyaq iV 80,4507125.0,440.0,77.0,175.0,125.0,8.6
Renault,Twingo Electric,,135.0,21.3,158.0,0.0,12.6
Volkswagen,ID.4 Pro Performance,4833675.0,410.0,77.0,188.0,125.0,8.5
,Spring Electric 45,1574475.0,165.0,25.0,152.0,29.0,19.1
Kia,PV5 Passenger 71.2 kWh,,315.0,67.0,213.0,75.0,10.6
Mini,Cooper SE,3417750.0,180.0,28.9,161.0,44.0,7.3
Hyundai,IONIQ Electric,3365250.0,250.0,38.3,153.0,36.0,9.7
Lynk&Co,02,,370.0,65.0,176.0,90.0,5.5
Citroën,C5 Aircross Long Range,3458175.0,485.0,96.9,200.0,130.0,8.8
BMW,iX xDrive50,10789275.0,505.0,105.2,208.0,149.0,4.6
Škoda,Enyaq 85,4495050.0,455.0,77.0,169.0,120.0,6.7
TOGG,T10F Long Range RWD,,490.0,85.0,173.0,115.0,7.5
Audi,Q4 e-tron 40,5316150.0,405.0,76.6,189.0,125.0,8.5
MG,MG4 Electric 51 kWh,2834475.0,300.0,50.8,169.0,68.0,7.7
MG,IM5 Long Range,4724475.0,530.0,96.5,182.0,250.0,4.9
KGM,Torres EVX 80.6 kWh,,400.0,79.0,198.0,95.0,8.2
Tesla,Model X Plaid,12600000.0,465.0,95.0,204.0,140.0,2.9
XPENG,G6 RWD Long Range,4723950.0,480.0,87.5,182.0,180.0,6.7
Kia,EV5 81.4 kWh,4125975.0,400.0,78.0,195.0,115.0,8.4
BYD,SEAL U 71.8 kWh Comfort,,360.0,71.8,199.0,72.0,9.3
KGM,Torres EVX,3884475.0,370.0,72.0,195.0,85.0,8.1
Peugeot,e-2008 54 kWh,3559500.0,300.0,50.8,169.0,85.0,9.1
Kia,e-Niro 64 kWh,3674475.0,375.0,64.0,171.0,64.0,7.8
Tesla,Model Y Long Range AWD Launch Series,6403950.0,455.0,75.0,165.0,124.0,4.3
Tesla,Model 3 RWD,4513950.0,400.0,57.0,143.0,100.0,6.1
Audi,A6 Avant e-tron performance,7532700.0,575.0,94.9,165.0,200.0,5.4
Nissan,Ariya 87kWh,3727500.0,450.0,87.0,193.0,110.0,7.6
Tesla,Model 3 Performance,6298950.0,515.0,79.0,153.0,120.0,3.4
Renault,4 E-Tech 52kWh 150hp,2676975.0,315.0,52.0,165.0,70.0,8.2
Polestar,5 Dual Motor,9397500.0,580.0,106.0,183.0,210.0,3.9
,Spectre,34650000.0,465.0,102.0,219.0,126.0,4.5
Hyundai,Kona Electric 64 kWh,4110750.0,390.0,64.0,164.0,64.0,7.9
Volkswagen,ID.3 Pro S,3726975.0,475.0,79.0,166.0,135.0,7.1
Mercedes-Benz,G 580,18990300.0,395.0,116.0,294.0,150.0,4.7
,firefly,,240.0,41.2,172.0,65.0,8.1
Citroën,ë-C4,3355800.0,290.0,46.3,160.0,78.0,9.7
Hyundai,IONIQ 5 Long Range 2WD,4929225.0,390.0,74.0,190.0,200.0,7.3
BMW,i5 eDrive40 Sedan,7781025.0,470.0,81.2,173.0,136.0,6.0
Škoda,Enyaq 85,4676700.0,450.0,77.0,171.0,120.0,6.7
BYD,SEAL 82.5 kWh RWD Design,4797975.0,480.0,82.5,172.0,100.0,5.9
Nissan,LEAF Extended Range 75 kWh,3885000.0,455.0,75.0,165.0,100.0,7.6
Audi,e-tron 50 quattro,6363000.0,280.0,64.7,231.0,114.0,6.8
Peugeot,e-3008 73 kWh,4825800.0,380.0,73.0,192.0,90.0,8.8
Volkswagen,ID.4 Pro,3726975.0,445.0,77.0,173.0,120.0,6.7
Tesla,Model Y Long Range AWD,,425.0,72.0,169.0,108.0,5.0
BMW,i7 xDrive60,11966850.0,510.0,101.7,199.0,159.0,4.7
Tesla,Model S 75D,7596750.0,380.0,72.5,191.0,80.0,4.4
Hyundai,IONIQ 5 84 kWh AWD,5344500.0,445.0,80.0,180.0,205.0,5.3
Citroën,ë-C3 Aircross Extended Range 54 kWh,2466975.0,290.0,53.5,184.0,70.0,13.0
BYD,SEAL U 87 kWh Design,,425.0,87.0,205.0,85.0,9.6
Leapmotor,C10 AWD 81.9 kWh,,380.0,81.9,216.0,120.0,4.0
Opel,Corsa-e,3562650.0,295.0,46.3,157.0,78.0,8.1
Hyundai,INSTER Standard Range,2466975.0,255.0,39.0,153.0,60.0,11.7
Hyundai,IONIQ 5 63 kWh RWD,4189500.0,345.0,60.0,174.0,150.0,8.5
Hyundai,IONIQ 9 Long Range AWD,7716975.0,495.0,106.0,214.0,195.0,6.7
Hyundai,IONIQ 6 Standard Range 2WD,,335.0,50.0,149.0,120.0,8.8
Mazda,6e Long Range 80 kWh,4410000.0,440.0,75.0,170.0,70.0,7.8
BMW,i4 M50,7463925.0,450.0,80.7,179.0,131.0,3.9
Tesla,Model 3 Performance,6088950.0,460.0,75.0,163.0,124.0,3.6
Jeep,Avenger Electric,3654000.0,310.0,50.8,164.0,85.0,9.0
Audi,A6 Sportback e-tron performance,7343700.0,600.0,94.9,158.0,200.0,5.4
Hyundai,IONIQ 5 Standard Range 2WD,4561725.0,295.0,54.0,183.0,140.0,8.5
,5 EV,2888025.0,325.0,58.9,181.0,80.0,7.7
Zeekr,001 Performance AWD,,480.0,94.0,196.0,135.0,3.8
Toyota,bZ4X AWD,5105625.0,345.0,64.0,186.0,100.0,6.9
BMW,i4 eDrive40,6243825.0,525.0,81.3,155.0,130.0,5.6
Mazda,MX-30,3281250.0,170.0,30.0,176.0,32.0,9.7
Tesla,Model S 100D,9413250.0,485.0,95.0,196.0,100.0,4.3
Kia,EV9 99.8 kWh AWD,,435.0,96.0,221.0,194.0,6.0
Mini,Cooper SE,3622500.0,330.0,49.2,149.0,75.0,6.7
Hongqi,E-HS9 99 kWh,,370.0,90.0,243.0,112.0,4.9
BMW,i4 eDrive35,5383350.0,430.0,67.1,156.0,95.0,6.0
Polestar,2 Long Range Dual Motor,5202750.0,390.0,75.0,192.0,108.0,4.7
Volkswagen,ID.3 Pro,4723950.0,350.0,58.0,166.0,82.0,7.3
Tesla,Model Y Premium RWD,,470.0,75.0,160.0,124.0,5.6
Smart,#5 Premium,4966500.0,465.0,94.0,202.0,230.0,6.5
Mercedes-Benz,CLA 200,,400.0,58.0,145.0,125.0,7.5
Renault,Scenic E-Tech EV87 220hp,4304475.0,480.0,87.0,181.0,95.0,7.9
Tesla,Model X Dual Motor,11025000.0,485.0,95.0,196.0,140.0,3.9
Hyundai,IONIQ 6 Long Range AWD,5306700.0,440.0,74.0,168.0,200.0,5.1
XPENG,G9 RWD Long Range,,480.0,92.2,192.0,330.0,6.4
Polestar,2 Long Range Single Motor,4877250.0,420.0,75.0,179.0,108.0,7.4
Volkswagen,e-Up!,2528925.0,205.0,32.3,158.0,30.0,11.9
MG,ZS EV,2739975.0,220.0,42.5,193.0,53.0,8.2
BYD,HAN,,475.0,85.4,180.0,85.0,3.9
Renault,Megane E-Tech EV60 220hp,3254475.0,380.0,60.0,158.0,87.0,7.4
BMW,iX xDrive60,9776025.0,525.0,109.1,208.0,150.0,4.6
Tesla,Model 3 Long Range RWD,4933950.0,495.0,75.0,152.0,124.0,5.9
Volvo,EX90 Twin Motor,9403800.0,505.0,107.0,212.0,150.0,5.9
Hyundai,IONIQ 5 Long Range AWD,5296725.0,385.0,74.0,192.0,200.0,5.1
Volkswagen,ID.3 Pure,3082800.0,325.0,52.0,160.0,90.0,8.2
TOGG,T10X Long Range RWD,,440.0,85.0,193.0,115.0,7.8
Toyota,C-HR+ 77 kWh AWD,,385.0,72.0,187.0,110.0,5.2
Peugeot,e-5008 73 kWh,5109300.0,370.0,73.0,197.0,90.0,9.7
Polestar,4 Long Range Single Motor,6298950.0,495.0,94.0,190.0,135.0,7.4
Hyundai,IONIQ 5 N,6825000.0,390.0,80.0,205.0,205.0,3.4
Volvo,EX30 Single Motor,3471300.0,275.0,49.0,178.0,80.0,5.7
MG,IM6 Long Range,5039475.0,500.0,96.5,193.0,250.0,5.4
Peugeot,e-3008 97 kWh Long Range,5109300.0,500.0,96.9,194.0,135.0,8.7
Renault,5 E-Tech 40kWh 95hp,2152500.0,260.0,40.0,154.0,0.0,12.0
Hyundai,IONIQ Electric,2861250.0,190.0,28.0,147.0,65.0,9.9
Opel,Mokka-e 50 kWh,3844050.0,260.0,46.3,178.0,78.0,9.2
Kia,EV4 Fastback 81.4 kWh,4293975.0,495.0,78.0,158.0,105.0,7.7
Opel,Frontera Electric 44 kWh,2361975.0,240.0,43.8,183.0,60.0,12.1
BYD,DOLPHIN SURF 43.2 kWh Boost,2304750.0,270.0,43.2,160.0,60.0,12.1
,Tavascan Endurance,4970700.0,445.0,77.0,173.0,120.0,6.8
Volkswagen,ID.7 Tourer Pro S,5804400.0,520.0,86.0,165.0,145.0,6.7
Smart,EQ fortwo coupe,2333625.0,100.0,16.7,167.0,0.0,11.6
Tesla,Model X 100D,9623250.0,435.0,95.0,218.0,100.0,4.9
Nissan,LEAF 40 kWh,2970450.0,235.0,39.0,166.0,40.0,7.9
BMW,iX xDrive45,7907025.0,470.0,94.8,202.0,115.0,5.1
Polestar,2 Long Range Single Motor,5161800.0,475.0,79.0,166.0,125.0,6.2
Audi,Q6 SUV e-tron quattro,7242375.0,480.0,94.9,198.0,200.0,5.9
BMW,i4 eDrive40,6233325.0,515.0,81.3,158.0,131.0,5.6
Voyah,Free 106 kWh,,480.0,100.0,208.0,80.0,4.4
Tesla,Model Y RWD,4723950.0,345.0,57.0,165.0,140.0,6.9
Mercedes-Benz,EQA 250+,5223750.0,420.0,70.5,168.0,90.0,8.6
Smart,#5 Brabus,5439000.0,450.0,94.0,209.0,230.0,3.8
Peugeot,e-208,2858625.0,270.0,46.3,171.0,78.0,8.1
BYD,DOLPHIN 60.4 kWh,3171525.0,350.0,60.5,173.0,75.0,7.0
Škoda,Enyaq iV 60,4091850.0,340.0,58.0,171.0,82.0,8.7
Tesla,Model S AWD,,590.0,95.0,161.0,140.0,3.2
Honda,e:Ny1,4199475.0,335.0,61.9,185.0,60.0,7.6
Volkswagen,ID.3 Pro,3223500.0,350.0,58.0,166.0,82.0,9.6
Renault,5 E-Tech 40kWh 120hp,2256975.0,260.0,40.0,154.0,55.0,9.0
Porsche,Macan Electric,7192500.0,495.0,95.0,192.0,200.0,5.7
Honda,e,3608325.0,170.0,28.5,168.0,32.0,9.0
Zeekr,001 Long Range RWD,,505.0,94.0,186.0,135.0,7.2
Peugeot,e-208,3317475.0,285.0,46.3,162.0,78.0,9.0
Kia,EV6 Long Range 2WD,4786425.0,455.0,80.0,176.0,205.0,7.3
Tesla,Model 3 Standard Range Plus,4303950.0,350.0,52.5,150.0,95.0,5.6
Lucid,Gravity Grand Touring,,625.0,123.0,197.0,210.0,3.6
MG,MG4 Electric 77 kWh,3831975.0,425.0,74.4,175.0,110.0,6.5
Mercedes-Benz,EQE 350+,7177800.0,555.0,96.0,173.0,141.0,6.5
KGM,Musso EV 4WD,,360.0,81.0,225.0,100.0,8.0
Leapmotor,C10 RWD 81.9 kWh,,410.0,81.9,200.0,120.0,6.6
Hyundai,Kona Electric 39 kWh,3407250.0,245.0,39.2,160.0,37.0,9.9
Suzuki,e VITARA 61 kWh 2WD,3464895.0,330.0,59.8,181.0,60.0,8.7
Mercedes-Benz,EQS SUV 450 4MATIC,13594350.0,530.0,118.0,223.0,160.0,6.1
XPENG,G9 RWD Long Range,,480.0,93.1,194.0,224.0,6.4
XPENG,G6 RWD Standard Range,4198950.0,365.0,65.3,179.0,140.0,6.9
Opel,Astra Electric,3518025.0,320.0,50.8,159.0,85.0,9.2
Hyundai,IONIQ 5 Long Range 2WD,4767000.0,370.0,70.0,189.0,185.0,7.4
Audi,e-tron GT quattro,9219000.0,420.0,85.0,202.0,216.0,4.1
,RZ 450e,5837475.0,350.0,64.0,183.0,100.0,5.6
Volkswagen,ID.7 Pro S,5721450.0,525.0,86.0,164.0,145.0,6.6
Volvo,EX30 Twin Motor Performance,4447800.0,340.0,65.0,191.0,114.0,3.6
Kia,EV6 GT,6577725.0,360.0,74.0,206.0,200.0,3.5
Polestar,4 Long Range Dual Motor,7033950.0,485.0,94.0,194.0,135.0,3.8
Volkswagen,ID. Buzz LWB Pro,6236475.0,390.0,86.0,221.0,145.0,7.9
MG,Marvel R,,365.0,70.0,192.0,82.0,7.9
,Spring Electric 45,,165.0,25.0,152.0,29.0,19.1
Porsche,Macan 4 Electric,7329000.0,470.0,95.0,202.0,200.0,5.2
Tesla,Model S 85D,,420.0,80.8,192.0,95.0,4.4
Alpine,A390 GTS,7350000.0,470.0,89.0,189.0,140.0,3.9
Renault,Zoe ZE50 R135,3149475.0,310.0,52.0,168.0,41.0,9.5
Ford,Explorer Extended Range AWD,5667375.0,440.0,79.0,180.0,135.0,5.3
BYD,SEALION 7 82.5 kWh AWD Design,5458950.0,405.0,82.5,204.0,115.0,4.5
Škoda,Elroq 50,3172050.0,310.0,52.0,168.0,90.0,9.0
Changan,Deepal S07 Standard,4198950.0,410.0,78.0,190.0,70.0,7.9
Peugeot,e-208 51 kWh,3402000.0,315.0,48.1,153.0,80.0,8.2
Ford,Mustang Mach-E ER RWD,5500950.0,480.0,91.0,190.0,115.0,5.9
XPENG,P7 RWD Long Range,,495.0,82.7,167.0,138.0,6.7
BMW,iX2 eDrive20,5419575.0,395.0,64.7,164.0,93.0,8.6
Leapmotor,B10 56.2 kWh,,305.0,55.0,180.0,100.0,8.0
BYD,SEAL 61.4 kWh RWD Comfort,,365.0,61.4,168.0,75.0,7.5
XPENG,G6 AWD Performance,,425.0,80.0,188.0,290.0,4.1
Opel,Corsa-e,2849700.0,285.0,46.3,162.0,78.0,8.1
Audi,Q8 SUV e-tron 55 quattro,8475075.0,505.0,106.0,210.0,144.0,5.6
BYD,DOLPHIN SURF 30 kWh Active,1958250.0,190.0,30.0,158.0,45.0,11.1
Opel,Corsa Electric 51 kWh,3196200.0,315.0,48.1,153.0,80.0,8.1
Mercedes-Benz,EQB 300 4MATIC,5807550.0,345.0,66.5,193.0,100.0,8.0
Alpine,A290 Electric 220 hp,3622500.0,305.0,52.0,170.0,70.0,6.4
,Tavascan VZ,5873175.0,425.0,77.0,181.0,120.0,5.5
Volvo,EX40 Single Motor ER,5041050.0,400.0,79.0,198.0,125.0,7.3
MG,ZS EV Standard Range,3201975.0,265.0,49.0,185.0,50.0,8.6
BMW,i4 M60 xDrive,7455000.0,465.0,81.1,174.0,130.0,3.7
Volvo,XC40 Recharge Pure Electric,4803750.0,330.0,67.0,203.0,116.0,7.4
Tesla,Model S Long Range,7872900.0,530.0,95.0,179.0,110.0,3.8
,Junior Elettrica 54 kWh,3558975.0,320.0,50.8,159.0,85.0,9.0
Fiat,600e,3464475.0,310.0,50.8,164.0,79.0,9.0
Tesla,Model 3 Performance,5931450.0,440.0,73.5,167.0,163.0,3.7
,Born 170 kW - 79 kWh,3726975.0,470.0,79.0,168.0,135.0,7.1
Volkswagen,ID. Buzz Pro,6198675.0,345.0,77.0,223.0,115.0,10.2
Audi,Q4 e-tron 40,4894050.0,325.0,59.0,182.0,110.0,8.1
Hyundai,IONIQ 9 Long Range RWD,6824475.0,500.0,106.0,212.0,195.0,9.4
Opel,Frontera Electric 54 kWh,2729475.0,290.0,53.5,184.0,70.0,13.0
Tesla,Model S P85D,,390.0,80.8,207.0,95.0,3.3
,Spring Electric 65,1679475.0,160.0,25.0,156.0,29.0,13.7
Volkswagen,e-Up!,2315775.0,205.0,32.3,158.0,30.0,11.9
Tesla,Model S Long Range Plus,8397900.0,555.0,98.0,177.0,125.0,3.8
BMW,iX2 xDrive30,6031725.0,385.0,64.7,168.0,93.0,5.6
Volkswagen,ID.4 Pure,,285.0,52.0,182.0,87.0,9.0
Porsche,Taycan,7927500.0,410.0,71.0,173.0,183.0,5.4
Maxus,MIFA 9,6855450.0,360.0,84.0,233.0,103.0,9.2
Opel,Mokka Electric,3255525.0,285.0,50.8,178.0,85.0,9.0
Audi,Q4 e-tron 50 quattro,5986050.0,385.0,76.6,199.0,115.0,6.2
Polestar,2,5239500.0,390.0,75.0,192.0,108.0,4.7
Porsche,Taycan,9082500.0,495.0,82.3,166.0,195.0,4.8
Tesla,Model S 85,,405.0,80.8,199.0,95.0,5.6
Mercedes-Benz,EQE 350+,8027250.0,525.0,90.6,173.0,141.0,6.4
Volkswagen,ID.3 Pro,3595200.0,365.0,59.0,162.0,110.0,7.6
Mercedes-Benz,B 250e,3031875.0,150.0,28.0,187.0,0.0,7.9
Peugeot,e-5008 97 kWh Long Range,5392800.0,485.0,96.9,200.0,135.0,9.6
Tesla,Model 3 Long Range RWD,,475.0,73.5,155.0,163.0,5.3
Ford,Capri Extended Range RWD,5047875.0,455.0,77.0,169.0,120.0,6.4
Hyundai,Kona Electric 48 kWh,3674475.0,295.0,48.4,164.0,50.0,8.8
BYD,ATTO 2 64.8 kWh,3669750.0,310.0,58.0,187.0,100.0,7.9
XPENG,G9 AWD Performance,,465.0,93.1,200.0,224.0,3.9
BMW,i4 M50,7599375.0,450.0,81.3,181.0,131.0,3.9
Zeekr,7X Premium RWD,,375.0,71.0,189.0,240.0,6.0
Tesla,Model S 90D,,455.0,85.5,188.0,90.0,4.4
Volkswagen,ID.3 GTX,,470.0,79.0,168.0,135.0,5.9
,Box 31.4 kWh,,190.0,29.0,153.0,50.0,12.5
Nissan,e-NV200 Evalia,3439275.0,170.0,37.0,218.0,40.0,14.0
MG,Cyberster GT,6299475.0,395.0,74.4,188.0,85.0,3.2
Nissan,LEAF 24 kWh,2276400.0,135.0,22.0,163.0,36.0,11.5
Volkswagen,ID.7 Tourer Pro,5485200.0,470.0,77.0,164.0,125.0,6.6
Toyota,C-HR+ 57.7 kWh,,330.0,54.0,164.0,85.0,8.3
,Eclipse Cross 87 kWh,,480.0,87.0,181.0,95.0,7.9
Tesla,Model S P100D,13413750.0,475.0,95.0,200.0,100.0,2.7
Kia,e-Niro 64 kWh,3554250.0,375.0,64.0,171.0,64.0,7.8
Mercedes-Benz,EQE SUV 350+,7926975.0,475.0,96.0,202.0,141.0,6.9
BMW,i3 60 Ah,2924250.0,115.0,18.8,163.0,41.0,7.2
Kia,EV6 Long Range AWD,5433225.0,400.0,74.0,185.0,200.0,5.2
Škoda,Enyaq Coupe 85,4694550.0,470.0,77.0,164.0,120.0,6.7
Lucid,Air Sapphire,,610.0,118.0,193.0,190.0,2.0
BMW,i5 eDrive40 Sedan,7109025.0,480.0,81.2,169.0,136.0,6.0
Volkswagen,ID.5 Pro,5348700.0,460.0,77.0,167.0,120.0,6.7
Opel,Ampera-e,,335.0,58.0,173.0,39.0,7.3
Smart,#1 Pro+,3880800.0,335.0,62.0,185.0,100.0,6.7
Subaru,Solterra AWD,5249475.0,320.0,64.0,200.0,100.0,6.9
Audi,Q4 e-tron 55 quattro,6057450.0,395.0,77.0,195.0,120.0,5.4
Mercedes-Benz,EQV 300 Long,9686775.0,320.0,90.0,281.0,96.0,12.1
Tesla,Model X Performance,10812900.0,470.0,98.0,209.0,125.0,3.1
Tesla,Model X Long Range,8712900.0,440.0,95.0,216.0,110.0,4.6
Opel,Grandland Electric 97 kWh,,490.0,96.9,198.0,130.0,8.8
Volkswagen,ID.3 1st,3767400.0,350.0,58.0,166.0,82.0,7.3
Porsche,Taycan 4S,9082500.0,395.0,71.0,180.0,183.0,4.0
,ET5 Long Range,,500.0,90.0,180.0,100.0,4.0
MG,MG4 Electric XPOWER,3831975.0,320.0,61.7,193.0,115.0,3.8
Audi,A6 Avant e-tron quattro,8068200.0,560.0,94.9,169.0,200.0,4.5
Mercedes-Benz,EQS 450+,11089050.0,635.0,107.8,170.0,173.0,6.2
Ford,Capri Extended Range AWD,5898375.0,455.0,79.0,174.0,135.0,5.3
Alpine,A390 GT,6300000.0,470.0,89.0,189.0,120.0,4.8
Ford,Explorer Standard Range RWD,4186875.0,305.0,52.0,170.0,85.0,8.7
Toyota,bZ4X AWD 73.1 kWh,5412225.0,375.0,69.0,184.0,110.0,5.1
Polestar,3 Long Range Performance,8557500.0,480.0,107.0,223.0,150.0,4.7
Mercedes-Benz,EQE 300,7225050.0,525.0,89.0,170.0,120.0,7.3
Nissan,LEAF e+ 62 kWh,3669225.0,340.0,59.0,174.0,44.0,6.9
BYD,TANG,,355.0,86.4,243.0,109.0,4.6
Renault,Kangoo E-Tech Electric,,225.0,45.0,200.0,50.0,12.6
Škoda,Enyaq iV 80x,5334525.0,425.0,77.0,181.0,115.0,6.9
Hyundai,IONIQ 9 Performance AWD,8147475.0,485.0,106.0,219.0,195.0,5.2
Kia,EV6 GT,6298425.0,395.0,80.0,203.0,205.0,3.5
BMW,i4 eDrive35,5431650.0,435.0,67.1,154.0,95.0,6.0
Peugeot,e-208 54 kWh,3092250.0,335.0,50.8,152.0,85.0,8.2
BMW,i3s 120 Ah,3654525.0,230.0,37.9,165.0,47.0,6.9
Mini,Cooper SE,2635500.0,180.0,28.9,161.0,44.0,7.3
Toyota,bZ4X FWD 73.1 kWh,4808475.0,385.0,69.0,179.0,110.0,7.4
Tesla,Model X 75D,8337000.0,335.0,72.5,216.0,80.0,5.2
Mercedes-Benz,EQA 250,4988550.0,360.0,66.5,185.0,100.0,8.9
Seres,3,,260.0,51.0,196.0,50.0,8.9
Volvo,ES90 Twin Motor,8688750.0,530.0,102.0,192.0,200.0,5.5
BMW,i4 eDrive35,5249475.0,430.0,67.0,156.0,95.0,6.0
Volkswagen,ID.3 Pro S,3726975.0,465.0,77.0,166.0,120.0,7.1
Toyota,Urban Cruiser 61.1 kWh AWD,,310.0,59.8,193.0,60.0,7.4
,EL8 Long Range,,440.0,90.0,205.0,190.0,4.1
Smart,#1 Brabus,4720800.0,325.0,62.0,191.0,100.0,3.9
Peugeot,e-208 50 kWh,3428250.0,295.0,46.3,157.0,78.0,9.0
GWM,ORA 03 48 kWh,3359475.0,260.0,45.4,175.0,45.0,8.3
Audi,A6 Avant e-tron,6755700.0,465.0,75.8,163.0,150.0,6.0
Tesla,Model S Plaid,,565.0,95.0,168.0,140.0,2.4
MG,MG5 Electric Standard Range,,265.0,46.0,174.0,60.0,7.7
Leapmotor,C10 RWD 69.9 kWh,3438750.0,355.0,69.9,197.0,70.0,7.5
XPENG,G9 AWD Performance,,465.0,92.2,198.0,330.0,4.2
DS,N°8 FWD Long Range,5742450.0,545.0,97.2,178.0,130.0,7.8
Toyota,Proace Verso L 75 kWh,4880085.0,265.0,69.0,260.0,79.0,13.3
Volkswagen,e-Golf,2766225.0,125.0,20.5,164.0,41.0,10.4
Citroën,ë-C4 X,3355800.0,285.0,46.3,162.0,78.0,9.7
Jaguar,I-Pace EV400,7349475.0,380.0,84.7,223.0,85.0,4.8
Tesla,Model S Performance,9972900.0,535.0,98.0,183.0,125.0,2.8
Volvo,EX90 Twin Motor Performance,10495800.0,485.0,107.0,221.0,150.0,4.9
Volkswagen,ID.3 Pro Performance,4139625.0,350.0,58.0,166.0,82.0,7.3
Peugeot,e-2008,3690750.0,270.0,46.3,171.0,78.0,8.5
Citroën,C5 Aircross Comfort Range,3183075.0,375.0,73.7,197.0,90.0,8.9
MG,IM5 Performance,5091975.0,490.0,96.5,197.0,250.0,3.2
BMW,iX M60,12891375.0,485.0,105.2,217.0,149.0,3.8
Volvo,EX40 Single Motor ER,5009025.0,400.0,79.0,198.0,125.0,7.3
Polestar,3 Long Range Dual motor,7969500.0,515.0,107.0,208.0,150.0,5.0
BMW,iX3,,385.0,74.0,192.0,104.0,6.8
Smart,#3 Brabus,4878300.0,350.0,62.0,177.0,100.0,3.7
Mercedes-Benz,EQS 580 4MATIC,,590.0,108.4,184.0,173.0,4.3
XPENG,G6 AWD Performance,,475.0,87.5,184.0,180.0,4.1
Audi,Q4 e-tron 35,4692450.0,285.0,52.0,182.0,70.0,9.0
Volvo,EX40 Single Motor,4825275.0,345.0,67.0,194.0,110.0,7.3
Audi,A6 Sportback e-tron,6566700.0,485.0,75.8,156.0,150.0,6.0
XPENG,G9 RWD Standard Range,,395.0,75.8,192.0,170.0,6.4
Mini,Aceman SE,3811500.0,290.0,49.2,170.0,75.0,7.1
Audi,e-tron GT RS performance,15007125.0,525.0,97.0,185.0,281.0,2.5
Nissan,Ariya 63kWh,3517500.0,335.0,63.0,188.0,90.0,7.5
Lotus,Eletre,9534525.0,495.0,109.0,220.0,259.0,4.5
Lucid,Air Grand Touring,,665.0,112.0,168.0,184.0,3.0
Kia,EV9 99.8 kWh RWD,6828675.0,450.0,96.0,213.0,194.0,9.4
Volvo,C40 Recharge Twin Motor,5628525.0,400.0,79.0,198.0,125.0,4.7
BMW,i5 eDrive40 Touring,7344225.0,455.0,81.2,178.0,136.0,6.1
Volkswagen,ID. Buzz NWB Pro,6198675.0,370.0,79.0,214.0,135.0,7.6
Audi,e-tron GT RS,12495000.0,405.0,85.0,210.0,216.0,3.3
Volvo,XC40 Recharge Twin Motor,5434275.0,385.0,79.0,205.0,125.0,4.8
,EL6 Long Range,,435.0,90.0,207.0,135.0,4.5
Volkswagen,ID.7 Pro,5355525.0,475.0,77.0,162.0,125.0,6.5
Hongqi,E-HS9 84 kWh,,320.0,76.5,239.0,112.0,6.5
Polestar,2 Long Range Dual Motor,5559750.0,450.0,79.0,176.0,125.0,4.5
Mercedes-Benz,EQB 350 4MATIC,5965050.0,345.0,66.5,193.0,100.0,6.2
Mini,Cooper E,3150000.0,250.0,36.6,146.0,60.0,7.3
Lucid,Air Dream Edition R,,685.0,118.0,172.0,185.0,2.9
Volkswagen,ID.7 Pro S,5822250.0,525.0,86.0,164.0,145.0,6.6
Volkswagen,ID. Buzz LWB GTX,7118475.0,380.0,86.0,226.0,145.0,6.5
Škoda,Enyaq 60,3938550.0,360.0,59.0,164.0,110.0,8.1
Kia,Soul EV,2834475.0,170.0,30.0,176.0,40.0,11.2
Volkswagen,ID.4 1st,4284000.0,410.0,77.0,188.0,125.0,8.5
Hyundai,IONIQ 5 Long Range AWD,4740225.0,365.0,70.0,192.0,185.0,5.2
Renault,Zoe ZE40 R110,,255.0,41.0,161.0,40.0,11.4
Nissan,LEAF 30 kWh,2711625.0,170.0,28.0,165.0,45.0,11.5
Polestar,2 Long Range Single Motor,5139750.0,470.0,79.0,168.0,125.0,6.2
Mini,Aceman E,3339000.0,230.0,38.5,167.0,60.0,7.9
Ford,e-Tourneo Courier,3143700.0,200.0,43.6,218.0,80.0,11.0
Mercedes-Benz,EQS SUV Maybach 680,21090300.0,490.0,118.0,241.0,160.0,4.4
Mercedes-Benz,EQS 450 4MATIC,,655.0,118.0,180.0,160.0,5.7
Zeekr,X Long Range RWD,,360.0,65.0,181.0,114.0,5.6
Tesla,Model S 75,5867400.0,380.0,72.5,191.0,80.0,4.6
,UX 300e,3650850.0,235.0,45.0,191.0,32.0,7.5
Volkswagen,ID.4 Pro,4683525.0,410.0,77.0,188.0,125.0,10.4
Citroën,ë-C4,2745750.0,285.0,46.3,162.0,78.0,9.9
Suzuki,e VITARA 61 kWh 4WD AllGrip,3674895.0,310.0,59.8,193.0,60.0,7.4
Mini,Countryman SE ALL4,4796400.0,365.0,64.6,177.0,93.0,5.6
Tesla,Model X 90D,,395.0,85.5,216.0,90.0,5.0
Volkswagen,ID.4 GTX,5655825.0,420.0,77.0,183.0,120.0,5.4
Tesla,Model S 70D,,350.0,66.5,190.0,95.0,5.4
Nissan,LEAF 40 kWh,2991975.0,235.0,39.0,166.0,40.0,7.9
Renault,Kangoo Maxi ZE 33,3326400.0,160.0,31.0,194.0,0.0,22.4
BMW,i3 94 Ah,3104850.0,165.0,27.2,165.0,46.0,7.3
Tesla,Model X Long Range Plus,9237900.0,480.0,98.0,204.0,125.0,4.6
Opel,Corsa Electric 54 kWh,2877000.0,335.0,50.8,152.0,85.0,8.1
Polestar,3 Long Range Single motor,7339500.0,530.0,107.0,202.0,150.0,7.8
Tesla,Model X P100D,14085750.0,420.0,95.0,226.0,100.0,3.1
Mazda,MX-30,3060750.0,170.0,30.0,176.0,34.0,9.7
Peugeot,e-308,3513300.0,300.0,50.8,169.0,80.0,9.8
MG,Marvel R Performance,,350.0,70.0,200.0,82.0,4.9
Volvo,XC40 Recharge Single Motor ER,,400.0,79.0,198.0,125.0,7.3
Volkswagen,ID.4 GTX,5550825.0,400.0,77.0,193.0,115.0,6.3
Polestar,2 Long Range Single Motor,5139750.0,475.0,79.0,166.0,125.0,6.2
MG,MG5 EV,2739975.0,290.0,48.8,168.0,60.0,7.7
Jaguar,I-Pace EV400,6966750.0,380.0,84.7,223.0,85.0,4.8
Maserati,GranTurismo Folgore,18894750.0,420.0,83.0,198.0,217.0,2.7
MG,MGS5  EV 49 kWh,2991975.0,275.0,47.1,171.0,80.0,8.0
,UX 300e,4199475.0,340.0,64.0,188.0,35.0,7.5
Audi,e-tron GT quattro,9298275.0,540.0,97.0,180.0,281.0,4.0
Tesla,Model X AWD,,490.0,95.0,194.0,140.0,3.9
Volkswagen,ID.4 Pure,4078725.0,285.0,52.0,182.0,70.0,10.9
BMW,i7 eDrive50,10521525.0,520.0,101.7,196.0,159.0,5.5
Hyundai,Kona Electric 64 kWh,3448725.0,390.0,64.0,164.0,64.0,7.6
BMW,i5 M60 xDrive Sedan,10263225.0,420.0,81.2,193.0,136.0,3.8
Mercedes-Benz,EQS AMG 53 4MATIC+,16995300.0,585.0,118.0,202.0,160.0,3.4
Polestar,2 Standard Range Single Motor,4741800.0,405.0,67.0,165.0,110.0,6.4
Škoda,Elroq 85x,,445.0,77.0,173.0,120.0,6.6
Renault,Zoe Q210,1521975.0,140.0,23.3,166.0,33.0,13.5
,Born 170 kW - 59 kWh,3589950.0,360.0,59.0,164.0,110.0,6.7
Mercedes-Benz,EQE 300,,525.0,89.0,170.0,120.0,6.9
Škoda,Enyaq 85x,,455.0,77.0,169.0,120.0,6.7
Smart,EQ forfour,2340975.0,95.0,16.7,176.0,0.0,12.7
Kia,EV6 Standard Range 2WD,4119675.0,345.0,60.0,174.0,150.0,8.7
Porsche,Taycan Turbo S,14952000.0,400.0,83.7,209.0,216.0,2.8
BMW,i7 M70 xDrive,17148075.0,490.0,101.7,208.0,159.0,3.7
Škoda,Enyaq 85x,5103525.0,440.0,77.0,175.0,120.0,6.6
Kia,EV4 Hatchback 58.3 kWh,3642975.0,340.0,55.0,162.0,80.0,7.4
,U5,,315.0,60.0,190.0,78.0,7.5
Renault,Scenic E-Tech EV60 170hp,,340.0,60.0,176.0,75.0,8.6
Volkswagen,ID.7 Tourer GTX,6580350.0,500.0,86.0,172.0,145.0,5.5
BMW,iX M70 xDrive,11991525.0,500.0,108.9,218.0,150.0,3.8
Renault,Megane E-Tech EV60 130hp,,380.0,60.0,158.0,87.0,10.5
BMW,i3 94 Ah,2999850.0,165.0,27.2,165.0,46.0,7.3
Kia,e-Niro 64 kWh,3464475.0,375.0,64.0,171.0,64.0,7.8
Cadillac,LYRIQ 600 E4,,460.0,102.0,222.0,165.0,5.3
Citroën,ë-C4 54 kWh,3150525.0,325.0,50.8,156.0,78.0,9.1
Polestar,5 Performance,11014500.0,530.0,106.0,200.0,210.0,3.2
Lightyear,0,27825000.0,550.0,60.0,109.0,60.0,10.0
Renault,Zoe R110,2553600.0,250.0,41.0,164.0,0.0,11.4
Porsche,Taycan Turbo S,16947000.0,525.0,97.0,185.0,262.0,2.4
Changan,Deepal S05 4WD Max,,365.0,68.0,186.0,130.0,5.5
XPENG,P7 Wing Edition,,455.0,82.7,182.0,138.0,4.1
Abarth,500e Convertible,3905475.0,225.0,37.8,168.0,67.0,7.0
Porsche,Macan 4 Electric,7549500.0,470.0,95.0,202.0,200.0,5.2
Kia,EV9 99.8 kWh AWD GT-Line,7694925.0,425.0,96.0,226.0,194.0,5.3
Audi,A6 Sportback e-tron quattro,7879200.0,570.0,94.9,166.0,200.0,4.7
Volkswagen,ID.3 Pro,2984100.0,350.0,58.0,166.0,82.0,9.6
Honda,e Advance,3926475.0,170.0,28.5,168.0,32.0,8.3
Volvo,XC40 P8 AWD Recharge,5244750.0,335.0,75.0,224.0,108.0,4.9
VinFast,VF 6 Eco,,315.0,59.6,189.0,90.0,10.3
,U5,,315.0,60.0,190.0,78.0,7.5
Porsche,Taycan Plus,9550170.0,575.0,97.0,169.0,262.0,4.8
Mercedes-Benz,EQS 580 4MATIC,,640.0,118.0,184.0,160.0,4.4
Audi,Q4 e-tron 35,,285.0,52.0,182.0,90.0,9.0
Renault,Megane E-Tech EV40 130hp,,260.0,40.0,154.0,55.0,10.0
Volvo,XC40 Recharge Single Motor,4883025.0,340.0,66.0,194.0,85.0,7.3
Škoda,Elroq RS,4888800.0,450.0,79.0,176.0,135.0,5.4
Škoda,Elroq RS,,455.0,79.0,174.0,135.0,5.4
,Born VZ,4706100.0,465.0,79.0,170.0,135.0,5.6
Abarth,600e Scorpionissima,4186875.0,280.0,50.8,181.0,79.0,5.9
Citroën,ë-C3 Urban Range 30 kWh,,175.0,29.8,170.0,30.0,11.6
Ford,Mustang Mach-E ER RWD,4995900.0,465.0,88.0,189.0,86.0,7.0
Fiat,500e Hatchback 24 kWh,2624475.0,135.0,21.3,158.0,40.0,9.0
,ET7 Long Range,,505.0,90.0,178.0,100.0,3.8
BMW,i4 xDrive40,,490.0,81.3,166.0,131.0,5.1
Citroën,ë-C3 Aircross Comfort Range 44 kWh,2267475.0,240.0,43.8,183.0,60.0,12.9
Smart,#3 Premium,4269300.0,355.0,62.0,175.0,110.0,5.8
Audi,e-tron Sportback 55 quattro,7836675.0,380.0,86.5,228.0,146.0,5.7
Škoda,CITIGOe iV,1832775.0,205.0,32.3,158.0,30.0,12.3
Mercedes-Benz,EQA 300 4MATIC,5566050.0,350.0,66.5,190.0,100.0,7.7
Mercedes-Benz,EQS SUV 580 4MATIC,14644350.0,530.0,118.0,223.0,160.0,4.7
Nissan,Micra Extended Range 52 kWh,2676975.0,330.0,52.0,158.0,70.0,8.0
Zeekr,X Privilege AWD,,350.0,65.0,186.0,114.0,3.8
Tesla,Model S P90D,,415.0,85.5,206.0,90.0,3.3
Audi,Q4 Sportback e-tron 45,5545050.0,435.0,77.0,177.0,120.0,6.7
Volkswagen,ID.7 Tourer Pro,5438475.0,470.0,77.0,164.0,125.0,6.6
Ford,Mustang Mach-E ER AWD,6833400.0,440.0,91.0,207.0,86.0,5.8
Porsche,Macan Turbo Electric,9975000.0,460.0,95.0,207.0,200.0,3.3
Lancia,Ypsilon,,310.0,48.1,155.0,80.0,8.2
,RZ 300e,5249475.0,355.0,64.0,180.0,100.0,8.0
Mercedes-Benz,EQE 350,8121225.0,515.0,89.0,173.0,120.0,6.4
Audi,S6 Avant e-tron,10430700.0,530.0,94.9,179.0,200.0,3.9
Smart,ForTwo Electric Drive,1724100.0,100.0,16.7,167.0,0.0,11.5
DS,N°8 AWD Long Range,6645450.0,530.0,97.2,183.0,130.0,5.4
Polestar,2 Long Range Dual Motor,5581800.0,455.0,79.0,174.0,125.0,4.5
Jaguar,I-Pace EV400,6771975.0,380.0,84.7,223.0,85.0,4.8
Kia,e-Soul 64 kWh,4102875.0,370.0,64.0,173.0,64.0,7.9
Volkswagen,ID.3 Pro S,4074000.0,450.0,77.0,171.0,115.0,7.9
Maserati,Grecale Folgore,11540025.0,400.0,95.0,238.0,110.0,4.1
Nissan,LEAF Standard Range 52 kWh,3360000.0,320.0,52.0,163.0,70.0,8.6
,EL7 Long Range,,430.0,90.0,209.0,100.0,3.9
Abarth,500e Hatchback,3590475.0,225.0,37.8,168.0,67.0,7.0
Mercedes-Benz,EQE 350+,,555.0,96.0,173.0,141.0,6.1
,RZ 500e,6152475.0,395.0,72.0,182.0,110.0,4.6
Ford,Focus Electric,2992500.0,105.0,19.6,186.0,0.0,11.4
Mercedes-Benz,EQE SUV 350 4MATIC,8393700.0,435.0,90.6,208.0,141.0,6.6
MG,IM6 Performance,5354475.0,440.0,96.5,219.0,250.0,3.5
Volkswagen,ID.7 Tourer GTX,6289500.0,500.0,86.0,172.0,145.0,5.5
Tesla,Model X Plaid,,475.0,95.0,200.0,140.0,2.9
Renault,4 E-Tech 40kWh 120hp,2362500.0,245.0,40.0,163.0,55.0,9.2
Mercedes-Benz,EQA 300 4MATIC,5566050.0,350.0,66.5,190.0,100.0,7.7
Volvo,XC40 Recharge Pure Electric,5071500.0,305.0,67.0,220.0,116.0,7.4
Mercedes-Benz,EQB 250,,385.0,66.5,173.0,100.0,8.9
,ET7 Standard Range,,415.0,73.5,177.0,110.0,3.8
Kia,Soul EV,2676975.0,155.0,27.0,174.0,40.0,11.2
,i-MiEV,2525670.0,85.0,14.5,171.0,30.0,15.9
Volkswagen,ID.3 Pure Performance,2847600.0,275.0,45.0,164.0,45.0,8.9
Opel,Corsa Electric 50 kWh,2730525.0,290.0,46.3,160.0,78.0,8.7
MG,IM5 Standard Range,4142250.0,405.0,73.5,181.0,120.0,6.8
BMW,i4 xDrive40,,490.0,81.1,166.0,130.0,5.1
TOGG,T10X Standard Range RWD,,265.0,50.0,189.0,70.0,7.4
Škoda,Enyaq 85x,5119800.0,450.0,77.0,171.0,120.0,6.7
Smart,#1 Premium,4164300.0,335.0,62.0,185.0,100.0,6.7
GWM,ORA 07 Pure,,350.0,64.3,184.0,75.0,8.2
Citroën,ë-C4 X 54 kWh,3150525.0,335.0,50.8,152.0,78.0,9.1
Ford,Mustang Mach-E SR RWD,4465650.0,365.0,68.0,186.0,78.0,6.9
,Spring Electric,,160.0,25.0,156.0,29.0,19.1
,ET5 Standard Range,,410.0,73.5,179.0,110.0,4.0
Ford,Mustang Mach-E ER AWD,6867525.0,440.0,91.0,207.0,115.0,5.8
Audi,Q6 SUV e-tron performance,6664875.0,490.0,94.9,194.0,190.0,6.6
Mini,Cooper JCW,4095000.0,290.0,49.2,170.0,75.0,5.9
Škoda,Enyaq Coupe RS,,470.0,79.0,168.0,135.0,5.4
,ET5 Touring Long Range,,485.0,90.0,186.0,135.0,4.0
BMW,i5 eDrive40 Touring,7345275.0,465.0,81.2,175.0,136.0,6.1
Tesla,Model S Performance,9447900.0,515.0,95.0,184.0,110.0,2.8
Mercedes-Benz,EQB 350 4MATIC,5965050.0,340.0,66.5,196.0,100.0,6.2
Opel,Grandland Electric 73 kWh,3722775.0,370.0,73.0,197.0,90.0,9.0
TOGG,T10F Long Range AWD,,465.0,85.0,183.0,115.0,4.1
Polestar,2 Long Range Performance,6084750.0,450.0,79.0,176.0,125.0,4.2
Audi,e-tron GT RS,13274625.0,525.0,97.0,185.0,281.0,2.8
Renault,Zoe R240,1989225.0,145.0,23.3,161.0,0.0,13.5
Genesis,GV60 Premium,5660025.0,390.0,74.0,190.0,200.0,7.8
Volvo,EC40 Single Motor ER,5702025.0,420.0,79.0,188.0,125.0,7.3
Audi,e-tron GT S,11321625.0,540.0,97.0,180.0,281.0,3.4
Mercedes-Benz,EQE 350 4MATIC,,510.0,89.0,175.0,120.0,6.3
Jeep,Compass Electric 74 kWh,4116000.0,370.0,74.0,200.0,90.0,8.5
Renault,Zoe R90,2495850.0,255.0,41.0,161.0,0.0,13.5
Mercedes-Benz,EQV 300 Long,9239475.0,310.0,90.0,290.0,96.0,12.1
Ford,Mustang Mach-E GT,7092750.0,425.0,91.0,214.0,115.0,3.8
Mercedes-Benz,EQB 300 4MATIC,5807550.0,340.0,66.5,196.0,100.0,8.0
Mercedes-Benz,EQA 250,,395.0,66.5,168.0,100.0,8.6
Volkswagen,ID.4 GTX,5485725.0,435.0,79.0,182.0,135.0,5.4
Porsche,Taycan 4 Cross Turismo,8872500.0,420.0,83.7,199.0,216.0,5.1
Ford,Mustang Mach-E ER RWD,6235950.0,475.0,88.0,185.0,105.0,6.1
,Mii Electric,2131500.0,205.0,32.3,158.0,30.0,12.3
Audi,e-tron Sportback 50 quattro,7255500.0,295.0,64.7,219.0,114.0,6.8
Mercedes-Benz,EQS 450+,11089050.0,635.0,108.4,171.0,173.0,6.1
Peugeot,e-308 58 kWh,3096975.0,345.0,55.4,161.0,65.0,9.3
BYD,DOLPHIN 44.9 kWh Active,2750475.0,265.0,44.9,169.0,50.0,12.3
Volkswagen,ID.5 GTX,5813325.0,430.0,77.0,179.0,120.0,5.5
Audi,Q4 Sportback e-tron 40,5473650.0,425.0,76.6,180.0,125.0,8.5
,Spring Electric,,160.0,25.0,156.0,29.0,19.1
Nissan,Micra Standard Range 40 kWh,2256975.0,260.0,40.0,154.0,55.0,9.0
Toyota,Urban Cruiser 48.8 kWh,,270.0,47.8,177.0,45.0,9.6
Mercedes-Benz,EQA 350 4MATIC,5723550.0,350.0,66.5,190.0,100.0,6.0
Audi,Q4 Sportback e-tron 45 quattro,5695200.0,410.0,77.0,188.0,120.0,6.6
Ford,Mustang Mach-E ER AWD,6133575.0,445.0,91.0,204.0,115.0,4.6
Audi,Q6 SUV e-tron,6297375.0,395.0,75.8,192.0,150.0,7.0
Opel,Corsa Electric 50 kWh,2823975.0,290.0,46.3,160.0,78.0,8.7
Smart,#5 Pro,4179000.0,370.0,74.4,201.0,110.0,6.9
Opel,Grandland Electric 73 kWh AWD,3885525.0,355.0,73.0,206.0,90.0,6.1
Toyota,Urban Cruiser 61.1 kWh,,330.0,59.8,181.0,60.0,8.7
,i-MiEV,2525670.0,85.0,14.5,171.0,30.0,15.9
Audi,Q4 e-tron 45 quattro,5537700.0,395.0,77.0,195.0,120.0,6.6
Polestar,2 Long Range Dual Motor,5559750.0,455.0,79.0,174.0,125.0,4.5
Smart,#5 Pro+,4599000.0,465.0,94.0,202.0,230.0,6.5
Citroën,ë-Berlingo M 50 kWh,3122700.0,235.0,50.0,213.0,80.0,11.7
Volkswagen,ID.5 Pro,4662000.0,455.0,77.0,169.0,120.0,6.7
,Junior Elettrica 54 kWh Veloce,4440975.0,310.0,50.8,164.0,85.0,6.0
Mercedes-Benz,EQS 500 4MATIC,,640.0,118.0,184.0,160.0,4.9
Hyundai,Kona Electric 39 kWh,3218250.0,245.0,39.2,160.0,37.0,9.9
Opel,Astra Sports Tourer Electric,3644025.0,310.0,50.8,164.0,85.0,9.3
Peugeot,e-408 58 kWh,3733800.0,350.0,58.3,167.0,70.0,7.2
KGM,Musso EV 2WD,,365.0,81.0,222.0,100.0,9.2
Volkswagen,ID.4 Pro 4MOTION,4838400.0,435.0,77.0,177.0,120.0,6.6
Porsche,Taycan 4S,10069500.0,490.0,82.3,168.0,195.0,3.7
Volvo,EX30 Cross Country,4934475.0,330.0,65.0,197.0,114.0,3.7
Mercedes-Benz,EQS 350,,540.0,90.6,168.0,141.0,6.6
Škoda,Enyaq RS,5577600.0,435.0,77.0,177.0,120.0,5.5
Volkswagen,ID.3 GTX Performance,4864125.0,465.0,79.0,170.0,135.0,5.6
Volkswagen,ID.3 Pro Performance,3122700.0,350.0,58.0,166.0,82.0,7.3
Audi,Q4 Sportback e-tron 50 quattro,6143550.0,400.0,76.6,192.0,115.0,6.2
Voyah,Courage 80 kWh AWD,,390.0,77.3,198.0,110.0,4.9
Volvo,EC40 Single Motor ER,5686800.0,420.0,79.0,188.0,125.0,7.3
,RZ 350e,5669475.0,400.0,72.0,180.0,110.0,7.5
Kia,e-Soul 64 kWh,3674475.0,370.0,64.0,173.0,64.0,7.9
Volkswagen,ID.4 Pure,3726975.0,285.0,52.0,182.0,87.0,9.0
Nissan,LEAF e+ 62 kWh,3459225.0,345.0,59.0,171.0,44.0,7.3
Nissan,Ariya e-4ORCE 87kWh - 225 kW,4777500.0,405.0,87.0,215.0,110.0,5.7
Smart,#5 Summit Edition,5124000.0,450.0,94.0,209.0,230.0,4.9
Mercedes-Benz,EQT 200 Standard,,225.0,45.0,200.0,50.0,12.6
Citroën,ë-C4 X,2857575.0,290.0,46.3,160.0,78.0,9.9
Zeekr,X Long Range RWD,,360.0,65.0,181.0,114.0,5.6
Peugeot,iOn,2227680.0,85.0,14.5,171.0,30.0,15.9
Audi,e-tron 55 quattro,7146300.0,365.0,86.5,237.0,146.0,5.7
Ford,Mustang Mach-E ER AWD,6114150.0,430.0,88.0,205.0,86.0,5.8
Audi,e-tron 50 quattro,6513675.0,280.0,64.7,231.0,114.0,6.8
Audi,Q4 Sportback e-tron 55 quattro,6214950.0,415.0,77.0,186.0,120.0,5.4
Škoda,Enyaq 60,4091850.0,335.0,58.0,173.0,82.0,8.7
Porsche,Taycan Turbo GT,19561500.0,475.0,97.0,204.0,262.0,2.3
Tesla,Model X Performance,10287900.0,430.0,95.0,221.0,110.0,2.9
Polestar,3 Dual Motor,8188950.0,500.0,102.0,204.0,200.0,4.7
Volvo,EX40 Twin Motor,6069525.0,385.0,79.0,205.0,125.0,4.8
Mercedes-Benz,EQS 350,,570.0,96.0,168.0,130.0,6.7
Porsche,Taycan Turbo,12589500.0,415.0,83.7,202.0,216.0,3.2
Nissan,Townstar EV Passenger,,225.0,45.0,200.0,50.0,12.6
Lucid,Air Pure RWD,,530.0,84.0,158.0,140.0,4.7
Ford,Capri Standard Range RWD,4417875.0,320.0,52.0,163.0,85.0,9.0
Polestar,2 Standard Range Single Motor,4189500.0,345.0,61.0,177.0,116.0,7.4
Citroën,ë-Berlingo M 50 kWh,3393075.0,205.0,46.3,226.0,78.0,11.7
Fisker,Ocean One,6392400.0,530.0,106.5,201.0,135.0,3.9
XPENG,P7 AWD Performance,,460.0,82.7,180.0,138.0,4.1
TOGG,T10X Long Range AWD,,425.0,85.0,200.0,115.0,4.8
Volkswagen,ID.4 Pure Performance,4228875.0,285.0,52.0,182.0,70.0,9.0
Peugeot,e-308 SW,3639300.0,300.0,50.8,169.0,80.0,10.0
Citroën,ë-C4 X 54 kWh,3759000.0,330.0,50.8,154.0,78.0,9.3
Renault,Scenic E-Tech EV60 170hp,3936975.0,340.0,60.0,176.0,75.0,8.6
MG,MG5 EV Long Range,3044475.0,340.0,57.4,169.0,53.0,7.7
Volkswagen,ID.3 Pure Performance,2954175.0,275.0,45.0,164.0,72.0,8.9
Audi,Q4 Sportback e-tron 40,5051550.0,340.0,59.0,174.0,110.0,8.1
Ford,Mustang Mach-E GT,,435.0,91.0,209.0,115.0,3.8
Lancia,Ypsilon 54 kWh,,325.0,50.8,156.0,85.0,8.2
Kia,EV6 Standard Range 2WD,,305.0,54.0,177.0,140.0,8.5
Škoda,Enyaq RS,5455800.0,460.0,79.0,172.0,135.0,5.4
Volkswagen,ID.3 Pro S - 4 Seats,4984350.0,450.0,77.0,171.0,115.0,7.9
,Born 170 kW - 77 kWh,4388475.0,460.0,77.0,167.0,125.0,7.0
Renault,Zoe R90,,255.0,41.0,161.0,0.0,13.2
Škoda,Enyaq Coupe 85,4876200.0,460.0,77.0,167.0,120.0,6.7
Ford,e-Tourneo Custom L2 210 kW,,235.0,64.0,272.0,70.0,8.0
Kia,EV9 99.8 kWh AWD GT,8629425.0,420.0,96.0,229.0,194.0,4.6
Citroën,C-Zero,1839600.0,85.0,14.5,171.0,30.0,15.9
Genesis,G80 Electrified Luxury,7329525.0,440.0,82.5,188.0,160.0,4.9
Volkswagen,ID.7 Tourer Pro S,5894700.0,520.0,86.0,165.0,145.0,6.7
Volvo,ES90 Single Motor,7260750.0,485.0,88.0,181.0,170.0,6.6
Peugeot,e-208 50 kWh,3008250.0,295.0,46.3,157.0,78.0,9.0
TOGG,T10F Standard Range RWD,,295.0,50.0,169.0,70.0,7.2
VinFast,VF 8 Eco Extended Range,,405.0,87.7,217.0,120.0,5.9
,Born 150 kW - 59 kWh,,360.0,59.0,164.0,110.0,7.7
Peugeot,e-308 SW 58 kWh,3222975.0,340.0,55.4,163.0,65.0,9.5
Mercedes-Benz,EQC 400 4MATIC,6900600.0,370.0,80.0,216.0,100.0,5.1
Porsche,Taycan GTS,11571000.0,450.0,83.7,186.0,216.0,3.7
Mercedes-Benz,EQE 300,7806225.0,515.0,89.0,173.0,120.0,7.3
Peugeot,e-2008 50 kWh,3391500.0,270.0,46.3,171.0,78.0,9.9
Mercedes-Benz,EQE 500 4MATIC,8464050.0,505.0,90.6,179.0,141.0,4.7
Ford,Explorer Extended Range RWD,,450.0,79.0,176.0,135.0,8.5
XPENG,G9 RWD Standard Range,,410.0,78.2,191.0,280.0,6.6
Lotus,Emeya,10106775.0,520.0,98.9,190.0,240.0,4.2
Audi,S6 Sportback e-tron,10241700.0,555.0,94.9,171.0,200.0,3.9
Smart,#5 Pulse,4966500.0,455.0,94.0,207.0,230.0,4.9
,Korando e-Motion,3359475.0,290.0,56.0,193.0,69.0,8.5
Smart,#1 Pro,3460800.0,250.0,47.0,188.0,65.0,6.7
,Spring Electric 65 Extreme,,160.0,25.0,156.0,29.0,13.7
,e.wave X,,150.0,27.0,180.0,0.0,12.0
Ford,Mustang Mach-E GT,7826700.0,425.0,91.0,214.0,115.0,3.7
DS,N°4 E-Tense,3726975.0,370.0,58.3,158.0,70.0,7.1
Kia,e-Soul 64 kWh,3942225.0,370.0,64.0,173.0,64.0,7.9
Genesis,GV70 Electrified Sport,6836025.0,350.0,74.0,211.0,190.0,4.2
Fiat,500e 3+1 42 kWh,,235.0,37.3,159.0,67.0,9.0
Volvo,C40 Recharge Single Motor,5077275.0,355.0,66.0,186.0,85.0,7.3
Porsche,Macan 4S Electric,8074500.0,470.0,95.0,202.0,200.0,4.1
Alpine,A290 Electric 180 hp,3360000.0,310.0,52.0,168.0,70.0,7.4
Audi,Q6 Sportback e-tron performance,6927375.0,510.0,94.9,186.0,190.0,6.6
Tesla,Model S 60,,345.0,62.0,180.0,95.0,5.8
Smart,EQ fortwo coupe,1857975.0,100.0,16.7,167.0,0.0,11.5
Mercedes-Benz,EQS AMG 53 4MATIC+,16995300.0,540.0,107.8,200.0,173.0,3.4
Mercedes-Benz,EQS 500 4MATIC,,590.0,108.4,184.0,173.0,4.8
Volkswagen,ID.7 GTX,6206550.0,500.0,86.0,172.0,145.0,5.5
Hongqi,E-HS7 111 kWh Long Range,,455.0,95.3,209.0,210.0,6.3
Audi,Q8 SUV e-tron 50 quattro,7425075.0,425.0,89.0,209.0,146.0,6.0
Mercedes-Benz,EQE SUV 500 4MATIC,9503025.0,455.0,96.0,211.0,141.0,4.9
Porsche,Taycan 4 Cross Turismo,10164000.0,510.0,97.0,190.0,262.0,4.7
Audi,e-tron 55 quattro,7507500.0,365.0,86.5,237.0,146.0,5.7
Volkswagen,ID.7 GTX,6507900.0,500.0,86.0,172.0,145.0,5.4
Zeekr,X Core RWD,,270.0,49.0,181.0,70.0,5.9
Suzuki,e VITARA 49 kWh 2WD,3149895.0,270.0,47.8,177.0,45.0,9.6
Hyundai,IONIQ 5 Project 45,5040000.0,365.0,70.0,192.0,185.0,5.2
DS,DS 3 E-Tense,3726975.0,300.0,50.8,169.0,85.0,9.0
Audi,e-tron S Sportback,9474675.0,330.0,86.5,262.0,146.0,4.5
,U6,,350.0,60.0,171.0,78.0,7.0
Lotus,Eletre R,12737025.0,455.0,109.0,240.0,259.0,2.9
BMW,i5 xDrive40 Sedan,,455.0,81.2,178.0,136.0,5.4
Peugeot,e-5008 73 kWh Dual Motor,6193950.0,355.0,73.0,206.0,90.0,6.5
Škoda,Enyaq Coupe 60,,370.0,59.0,159.0,110.0,8.1
Peugeot,e-2008,3226650.0,260.0,46.3,178.0,78.0,8.5
Tesla,Model S 90D,,445.0,85.5,192.0,90.0,4.4
BMW,i5 M60 xDrive Sedan,10264275.0,430.0,81.2,189.0,136.0,3.8
Nissan,e-NV200 Evalia,2562735.0,105.0,22.0,210.0,36.0,14.0
Kia,EV9 76.1 kWh RWD,,350.0,73.0,209.0,160.0,8.5
Porsche,Taycan 4S Plus,9492630.0,460.0,83.7,182.0,216.0,4.0
Volvo,C40 Recharge Pure Electric,4945500.0,335.0,67.0,200.0,116.0,7.4
Ford,Mustang Mach-E ER AWD,6867525.0,440.0,91.0,207.0,86.0,5.8
Audi,Q8 Sportback e-tron 55 quattro,8737575.0,525.0,106.0,202.0,144.0,5.6
Peugeot,e-208 51 kWh,3670275.0,305.0,48.1,158.0,80.0,8.2
Škoda,Enyaq Coupe RS,5655300.0,470.0,79.0,168.0,135.0,5.4
Volkswagen,e-Up!,2059575.0,100.0,16.0,160.0,30.0,12.4
Volvo,ES90 Twin Motor Performance,9171750.0,530.0,102.0,192.0,200.0,4.0
Škoda,Enyaq RS,,460.0,79.0,172.0,135.0,5.4
Renault,Megane E-Tech EV60 130hp,,380.0,60.0,158.0,87.0,10.5
Porsche,Taycan Turbo GT Weissach,19561500.0,475.0,97.0,204.0,262.0,2.2
Toyota,Proace Verso M 50 kWh,,180.0,46.3,257.0,78.0,12.1
Ford,Mustang Mach-E SR RWD,,380.0,72.6,191.0,100.0,6.2
Volvo,EX90 Single Motor,8679300.0,485.0,100.0,206.0,140.0,8.4
Polestar,2 Standard Range Single Motor,4719750.0,405.0,67.0,165.0,110.0,6.4
Opel,Mokka-e,3206700.0,255.0,46.3,182.0,78.0,9.0
Peugeot,e-Expert Combi Long 75 kWh,,265.0,69.0,260.0,79.0,14.3
Mercedes-Benz,EQE SUV 500 4MATIC,11419800.0,435.0,90.6,208.0,141.0,4.9
Volkswagen,ID.5 Pro Performance,5479425.0,430.0,77.0,179.0,125.0,8.4
Peugeot,e-3008 73 kWh Dual Motor,5910450.0,365.0,73.0,200.0,90.0,6.0
Mercedes-Benz,EQS SUV 450+,,540.0,118.0,219.0,160.0,6.8
Ford,e-Tourneo Custom L1 160 kW,6393030.0,235.0,64.0,272.0,70.0,9.0
Tesla,Model S Standard Range,7617750.0,420.0,72.5,173.0,80.0,4.2
Seres,3,,255.0,50.0,196.0,50.0,8.9
Opel,Mokka-e 54 kWh,3912300.0,290.0,50.8,175.0,85.0,9.0
Lotus,Emeya 600,8923950.0,520.0,98.9,190.0,240.0,4.2
Kia,PV5 Passenger 51.5 kWh,,230.0,48.0,209.0,75.0,12.8
Porsche,Macan Turbo Electric,10237500.0,460.0,95.0,207.0,200.0,3.3
Peugeot,iOn,1784475.0,85.0,14.5,171.0,30.0,15.9
Volvo,C40 Recharge Twin Pure Electric,6126750.0,360.0,75.0,208.0,108.0,4.7
Volkswagen,e-Up!,2181900.0,95.0,16.0,168.0,30.0,12.4
Volvo,XC40 Recharge Twin Pure Electric,5985000.0,350.0,75.0,214.0,108.0,4.9
Fisker,Ocean Extreme,6079500.0,490.0,106.5,217.0,135.0,3.9
Volvo,EX40 Single Motor,4857300.0,345.0,67.0,194.0,110.0,7.3
Mercedes-Benz,eVito Tourer Long 90 kWh,,325.0,90.0,277.0,96.0,12.1
,BE11 Long Range,4199475.0,385.0,81.0,210.0,50.0,9.6
Mercedes-Benz,EQE 350 4MATIC,7283325.0,515.0,90.6,176.0,141.0,5.9
Polestar,2 Long Range Performance,5727750.0,385.0,75.0,195.0,108.0,4.4
Volvo,C40 Recharge Single Motor ER,,420.0,79.0,188.0,125.0,7.3
,EL6 Standard Range,,365.0,73.5,201.0,110.0,4.5
Citroën,ë-Berlingo XL 50 kWh,3217200.0,230.0,50.0,217.0,80.0,11.7
Lucid,Air Pure RWD,,580.0,88.0,152.0,150.0,4.7
Volvo,EX90 Twin Motor,,480.0,102.0,213.0,200.0,5.5
Zeekr,001 Privilege AWD,,480.0,94.0,196.0,135.0,3.8
Porsche,Taycan 4S Plus,10520580.0,565.0,97.0,172.0,262.0,3.7
Smart,#3 Pro+,3985800.0,355.0,62.0,175.0,110.0,5.8
Mercedes-Benz,EQE SUV 300,,450.0,90.6,201.0,141.0,7.6
Toyota,Proace City Verso L2 50 kWh,3321045.0,230.0,50.0,217.0,80.0,11.7
Tesla,Model S 70,,340.0,66.5,196.0,95.0,5.8
Citroën,ë-C4,3243975.0,280.0,46.3,165.0,78.0,9.7
Mercedes-Benz,EQA 350 4MATIC,5723550.0,350.0,66.5,190.0,100.0,6.0
Audi,e-tron S,9285675.0,320.0,86.5,270.0,146.0,4.5
Peugeot,e-Rifter M 50 kWh,3239250.0,235.0,50.0,213.0,80.0,11.7
GWM,ORA 07 GT,,430.0,83.5,194.0,80.0,4.5
Mini,Aceman JCW,4284000.0,280.0,49.2,176.0,75.0,6.4
Škoda,Enyaq Coupe 85x,,460.0,77.0,167.0,120.0,6.7
Tesla,Model X Ludicrous Performance,10641750.0,420.0,95.0,226.0,100.0,3.0
Mercedes-Benz,EQE 350 4MATIC,,515.0,90.6,176.0,141.0,6.3
Lucid,Air Touring,,600.0,96.0,160.0,160.0,3.6
Volvo,EX90 Twin Motor Performance,,465.0,102.0,219.0,200.0,4.2
,Sion,,260.0,47.0,181.0,60.0,9.0
Lucid,Air Touring,,560.0,92.0,164.0,160.0,3.6
Polestar,2 Long Range Performance,6106800.0,450.0,79.0,176.0,125.0,4.2
Tesla,Model S P90D,,405.0,85.5,211.0,90.0,3.3
Opel,Vivaro-e Combi M 75 kWh,,265.0,69.0,260.0,79.0,13.3
Smart,#1 Pulse,,325.0,62.0,191.0,100.0,4.5
Audi,SQ6 SUV e-tron,9759750.0,470.0,94.9,202.0,200.0,4.3
Nissan,Ariya e-4ORCE 87kWh - 320 kW Nismo,5946150.0,385.0,87.0,226.0,110.0,5.0
Porsche,Taycan Plus,8352645.0,475.0,83.7,176.0,216.0,5.4
Hyundai,IONIQ 5 Standard Range AWD,,290.0,54.0,186.0,140.0,6.1
Zeekr,X Privilege AWD,,350.0,65.0,186.0,114.0,3.8
Tesla,Model X Long Range,8646750.0,435.0,95.0,218.0,100.0,4.9
Polestar,2 Standard Range Single Motor,4530750.0,380.0,67.0,176.0,116.0,7.4
Mercedes-Benz,EQE SUV 350 4MATIC,9508800.0,425.0,89.0,209.0,120.0,6.6
Škoda,Enyaq iV 50,,305.0,52.0,170.0,45.0,11.3
Škoda,Enyaq Coupe iV RS,5708850.0,430.0,77.0,179.0,115.0,6.5
Fiat,500e 3+1 24 kWh,,135.0,21.3,158.0,40.0,9.0
Mercedes-Benz,EQB 250+,,410.0,70.5,172.0,90.0,8.9
Audi,Q6 Sportback e-tron quattro,7504875.0,500.0,94.9,190.0,200.0,5.9
Citroën,ë-C4 54 kWh,3759000.0,330.0,50.8,154.0,78.0,9.2
Smart,#3 Pro,3565800.0,265.0,47.0,177.0,65.0,5.9
Abarth,600e Turismo,3882375.0,280.0,50.8,181.0,79.0,6.2
Lotus,Emeya R,13781775.0,465.0,98.9,213.0,240.0,2.8
Toyota,bZ4X FWD 57.7 kWh,4199475.0,305.0,54.0,177.0,85.0,8.6
Tesla,Model X P90D,,375.0,85.5,228.0,90.0,4.0
Renault,Zoe Q90,2574600.0,245.0,41.0,167.0,33.0,13.5
Mercedes-Benz,EQA 250+,5223750.0,420.0,70.5,168.0,90.0,8.6
Volkswagen,ID.3 Pro S - 4 Seats,5038950.0,455.0,77.0,169.0,120.0,7.9
Mercedes-Benz,EQE 350+,,530.0,90.6,171.0,141.0,6.4
Kia,e-Niro 39 kWh,3453975.0,235.0,39.2,167.0,37.0,9.8
,iEV7s,,225.0,39.0,173.0,30.0,12.0
Mercedes-Benz,eVito Tourer Extra-Long 90 kWh,8804250.0,305.0,90.0,295.0,96.0,12.0
Fisker,Ocean Ultra,5344500.0,500.0,106.5,213.0,135.0,4.2
Porsche,Taycan 4 Cross Turismo,9261000.0,440.0,83.7,190.0,216.0,5.1
Škoda,Enyaq Coupe RS,5756100.0,450.0,77.0,171.0,120.0,5.5
Ford,Mustang Mach-E SR RWD,5337150.0,380.0,72.6,191.0,100.0,7.3
Volkswagen,ID. Buzz NWB GTX,7080675.0,360.0,79.0,219.0,135.0,6.5
Mercedes-Benz,EQE 300,,525.0,89.0,170.0,120.0,7.3
Volvo,EC40 Twin Motor,6054300.0,400.0,79.0,198.0,125.0,4.8
Volvo,EX40 Twin Motor,6054300.0,385.0,79.0,205.0,125.0,4.8
Lotus,Eletre 600,8923950.0,495.0,109.0,220.0,259.0,4.5
Volkswagen,ID.4 Pro 4MOTION,4842600.0,435.0,77.0,177.0,120.0,6.6
Toyota,Proace Verso M 75 kWh,,265.0,69.0,260.0,79.0,13.1
Volkswagen,ID.5 Pro Performance,5453700.0,430.0,77.0,179.0,125.0,8.4
Mercedes-Benz,eVito Tourer Long 90 kWh,8018640.0,310.0,90.0,290.0,96.0,12.0
Polestar,2 Standard Range Single Motor,4719750.0,405.0,67.0,165.0,85.0,6.4
GWM,ORA 03 63 kWh,3674475.0,340.0,59.3,174.0,55.0,8.2
Fiat,500e Cabrio 42 kWh,3254475.0,230.0,37.3,162.0,67.0,9.0
DS,DS 3 Crossback E-Tense,3650850.0,265.0,46.3,175.0,78.0,8.7
Mercedes-Benz,EQS SUV 450 4MATIC,13594350.0,490.0,108.4,221.0,173.0,6.0
Hongqi,E-HS9 120 kWh,,455.0,112.0,246.0,110.0,4.9
Cadillac,VISTIQ 900 E4,,375.0,91.0,243.0,100.0,4.1
Opel,Mokka Electric GSE,3726975.0,280.0,50.8,181.0,85.0,5.9
Citroën,C-Zero,2227680.0,85.0,14.5,171.0,30.0,15.9
Porsche,Taycan 4S Cross Turismo,10542000.0,510.0,97.0,190.0,262.0,3.8
Tesla,Model S 60D,,345.0,62.0,180.0,95.0,5.4
Mercedes-Benz,EQE 500 4MATIC,,505.0,90.6,179.0,141.0,4.7
Smart,#1 Pure,3145800.0,250.0,47.0,188.0,65.0,6.7
BMW,i5 xDrive40 Sedan,,465.0,81.2,175.0,136.0,5.4
Lotus,Eletre 900,13648950.0,455.0,109.0,240.0,259.0,2.9
Volkswagen,ID.5 GTX,5029500.0,445.0,79.0,178.0,135.0,5.4
Hyundai,Kona Electric 39 kWh,2861250.0,245.0,39.2,160.0,37.0,9.7
Jaguar,I-Pace EV320,,380.0,84.7,223.0,85.0,6.4
,Born 170 kW - 58 kWh,3683925.0,345.0,58.0,168.0,82.0,6.6
Peugeot,e-Rifter Standard 50 kWh,3477600.0,205.0,46.3,226.0,78.0,11.7
Tesla,Model X Performance,9780750.0,440.0,95.0,216.0,100.0,3.6
Mercedes-Benz,EQS 580 4MATIC,,590.0,107.8,183.0,173.0,4.3
Opel,Combo-e Life 50 kWh,3578925.0,205.0,46.3,226.0,78.0,11.7
Mercedes-Benz,EQS SUV 500 4MATIC,,530.0,118.0,223.0,160.0,5.3
Ford,Mustang Mach-E ER AWD,6868575.0,435.0,88.0,202.0,105.0,4.8
Ford,Mustang Mach-E SR AWD,5339250.0,335.0,68.0,203.0,78.0,6.3
Porsche,Taycan 4S Cross Turismo,9555000.0,420.0,83.7,199.0,216.0,4.1
,ET5 Touring Standard Range,,400.0,73.5,184.0,110.0,4.0
GWM,ORA 03 GT,,325.0,59.3,182.0,55.0,8.2
MG,Cyberster Trophy,5774475.0,425.0,74.4,175.0,85.0,5.0
Volvo,EC40 Single Motor,5503050.0,360.0,67.0,186.0,110.0,7.3
Volkswagen,ID.3 Pro S - 5 Seats,,450.0,77.0,171.0,115.0,7.9
Mercedes-Benz,EQS SUV 450+,,500.0,108.4,217.0,173.0,6.7
Opel,Grandland Electric 82 kWh,,420.0,82.2,196.0,100.0,9.0
BMW,i5 xDrive40 Touring,,450.0,81.2,180.0,136.0,5.5
Volkswagen,ID. Buzz NWB Pure,,265.0,59.0,223.0,110.0,10.7
Mercedes-Benz,eVito Tourer Long 41 kWh,,120.0,35.0,292.0,0.0,16.0
Volvo,EC40 Single Motor,5518275.0,360.0,67.0,186.0,110.0,7.3
Citroën,ë-SpaceTourer M 75 kWh,4413675.0,265.0,69.0,260.0,79.0,14.2
Ford,Mustang Mach-E SR RWD,4603200.0,385.0,72.6,189.0,100.0,6.2
Citroën,ë-Berlingo Multispace,,100.0,20.5,205.0,30.0,19.5
Citroën,ë-Jumpy Combi M 75 kWh,,265.0,69.0,260.0,79.0,13.3
Mercedes-Benz,EQE SUV AMG 53 4MATIC+,12074475.0,420.0,90.6,216.0,141.0,3.5
Maserati,GranCabrio Folgore,19489050.0,395.0,83.0,210.0,190.0,2.8
Cadillac,OPTIQ 500 E4,,365.0,75.0,205.0,90.0,6.7
Toyota,Proace Verso L 75 kWh,,265.0,69.0,260.0,79.0,13.1
Elaris,BEO 86 kWh,,390.0,81.0,208.0,65.0,9.5
Mercedes-Benz,EQS SUV 580 4MATIC,14644350.0,485.0,108.4,224.0,173.0,4.6
Porsche,Taycan Plus Sport Turismo,9634170.0,530.0,97.0,183.0,262.0,4.8
,RZ 550e F SPORT,7118475.0,390.0,72.0,185.0,110.0,4.4
Volkswagen,ID.4 GTX,5147625.0,400.0,77.0,193.0,115.0,6.2
Volvo,EC40 Twin Motor,6069525.0,400.0,79.0,198.0,125.0,4.8
Ford,Mustang Mach-E Rally,7329000.0,410.0,91.0,222.0,115.0,3.9
Volkswagen,ID.5 GTX,6157200.0,405.0,77.0,190.0,115.0,6.3
Ford,Mustang Mach-E GT,7826700.0,425.0,91.0,214.0,86.0,4.4
BMW,i5 M60 xDrive Touring,10500525.0,425.0,81.2,191.0,136.0,3.9
Audi,e-tron Sportback 55 quattro,8389500.0,380.0,86.5,228.0,146.0,5.7
BYD,DOLPHIN 44.9 kWh Boost,2855475.0,260.0,44.9,173.0,50.0,8.0
Peugeot,e-Traveller L3 75 kWh,5081475.0,265.0,69.0,260.0,79.0,14.2
Volvo,EX40 Twin Motor Performance,6259050.0,385.0,79.0,205.0,125.0,4.6
Smart,ForFour Electric Drive,1776075.0,95.0,16.7,176.0,0.0,12.7
Peugeot,Partner Tepee Electric,,100.0,20.5,205.0,30.0,19.5
Renault,Kangoo Grand E-Tech Electric,,220.0,45.0,205.0,50.0,13.3
Smart,#1 Pure+,,335.0,62.0,185.0,100.0,6.7
Toyota,Proace Verso M 75 kWh,4805745.0,265.0,69.0,260.0,79.0,13.3
Nissan,Townstar EV Passenger L2,,220.0,45.0,205.0,50.0,13.3
Ford,Mustang Mach-E ER RWD,5888400.0,480.0,91.0,190.0,86.0,7.0
Mercedes-Benz,EQE 350,8121225.0,510.0,89.0,175.0,120.0,6.4
Renault,Zoe Q90,2705850.0,245.0,41.0,167.0,33.0,13.5
Porsche,Taycan,8316000.0,420.0,71.0,169.0,183.0,5.4
Toyota,Proace City Verso L1 50 kWh,3186645.0,235.0,50.0,213.0,80.0,11.7
,EL8 Standard Range,,360.0,73.5,204.0,110.0,4.1
Ford,Mustang Mach-E Rally,,415.0,91.0,219.0,115.0,3.9
Genesis,GV70 Electrified,6921075.0,385.0,80.0,208.0,205.0,4.4
Mercedes-Benz,EQS 450 4MATIC,,610.0,108.4,178.0,173.0,5.6
Lancia,Ypsilon 54 kWh HF,,305.0,50.8,167.0,85.0,5.6
Mercedes-Benz,EQE 500 4MATIC,8674575.0,505.0,90.6,179.0,141.0,4.4
Tesla,Model S 70,,345.0,69.0,200.0,95.0,5.8
Fiat,500e Cabrio 24 kWh,,135.0,21.3,158.0,40.0,9.0
Mercedes-Benz,EQE SUV AMG 43 4MATIC,,425.0,90.6,213.0,141.0,4.3
Porsche,Taycan Turbo Cross Turismo,14196000.0,495.0,97.0,196.0,262.0,2.8
Voyah,Courage 80 kWh RWD,,395.0,77.3,196.0,110.0,6.8
Volvo,XC40 Recharge Twin Pure Electric,5244750.0,335.0,75.0,224.0,108.0,4.9
Peugeot,e-Rifter XL 50 kWh,3333750.0,230.0,50.0,217.0,80.0,11.7
Polestar,3 Performance,9658950.0,460.0,102.0,222.0,200.0,3.9
ORA,Funky Cat 48 kWh,3359475.0,260.0,45.4,175.0,45.0,8.3
Volkswagen,ID.5 Pro,5324550.0,430.0,77.0,179.0,125.0,10.4
Porsche,Taycan Sport Turismo,9166500.0,460.0,82.3,179.0,195.0,4.8
BMW,i5 M60 xDrive Touring,10499475.0,415.0,81.2,196.0,136.0,3.9
Audi,Q6 Sportback e-tron,6559875.0,410.0,75.8,185.0,150.0,7.0
Volkswagen,ID.5 Pure,4313400.0,320.0,52.0,163.0,87.0,8.9
Ford,Mustang Mach-E GT,6959400.0,410.0,88.0,215.0,86.0,4.4
Škoda,Enyaq Coupe iV 80,4706625.0,445.0,77.0,173.0,125.0,8.7
Mercedes-Benz,EQE AMG 43 4MATIC,,455.0,90.6,199.0,141.0,4.2
Mercedes-Benz,EQS 450 4MATIC,,605.0,107.8,178.0,173.0,5.6
Ford,Mustang Mach-E ER RWD,6234900.0,480.0,91.0,190.0,86.0,7.0
Mercedes-Benz,EQE AMG 53 4MATIC+,12048750.0,450.0,90.6,201.0,141.0,3.5
Porsche,Taycan Turbo,14080500.0,535.0,97.0,181.0,262.0,2.7
Polestar,2 Long Range Performance,6084750.0,450.0,79.0,176.0,125.0,4.2
VinFast,VF 6 Plus,,310.0,59.6,192.0,90.0,8.9
Citroën,ë-SpaceTourer M 50 kWh,3889725.0,185.0,46.3,250.0,78.0,12.1
Mercedes-Benz,EQE 500 4MATIC,,505.0,90.6,179.0,141.0,4.7
Opel,Combo Electric 50 kWh,3222450.0,235.0,50.0,213.0,80.0,11.3
Porsche,Taycan 4,,490.0,82.3,168.0,195.0,4.6
BMW,i3s 94 Ah,3409875.0,160.0,27.2,170.0,46.0,6.9
Audi,Q4 e-tron 45 quattro,,385.0,76.6,199.0,115.0,6.9
GWM,ORA 07 Pro,,350.0,64.3,184.0,75.0,8.2
Škoda,Enyaq Coupe 85x,5161800.0,460.0,77.0,167.0,120.0,6.7
Mercedes-Benz,EQA 250+,,420.0,70.5,168.0,90.0,9.1
Mercedes-Benz,EQS AMG 53 4MATIC+,16995300.0,535.0,108.4,203.0,173.0,3.4
Lotus,Eletre S,11109525.0,480.0,109.0,227.0,259.0,4.5
Lucid,Gravity Touring,,465.0,89.0,191.0,180.0,4.2
Smart,EQ fortwo cabrio,2587725.0,95.0,16.7,176.0,0.0,11.9
Audi,SQ6 Sportback e-tron,10022250.0,495.0,94.9,192.0,200.0,4.3
Abarth,500e Scorpionissima,4062975.0,225.0,37.8,168.0,67.0,7.0
Mercedes-Benz,EQE AMG 43 4MATIC,,450.0,90.6,201.0,141.0,4.2
Škoda,Enyaq Coupe 85x,5282025.0,455.0,77.0,169.0,120.0,6.6
Porsche,Taycan 4S Plus Sport Turismo,10604580.0,510.0,97.0,190.0,262.0,3.7
Mercedes-Benz,EQE AMG 53 4MATIC+,11115300.0,450.0,90.6,201.0,141.0,3.5
Porsche,Taycan 4 Plus,,565.0,97.0,172.0,262.0,4.6
BMW,i5 xDrive40 Touring,,440.0,81.2,185.0,136.0,5.5
Volkswagen,ID.5 Pure,4156950.0,320.0,52.0,163.0,87.0,8.9
Toyota,Proace City Verso L1 50 kWh,3581865.0,210.0,46.3,220.0,78.0,11.2
DS,N°8 FWD,5332950.0,415.0,73.7,178.0,100.0,7.7
Volvo,EC40 Twin Motor Performance,6259050.0,400.0,79.0,198.0,125.0,4.6
Toyota,Proace Verso L 50 kWh,4566240.0,180.0,46.3,257.0,78.0,12.1
Mercedes-Benz,EQT 200 Long,,220.0,45.0,205.0,50.0,13.3
Volkswagen,e-Caravelle L2 210 kW 64 kWh,7072275.0,245.0,63.8,260.0,75.0,7.4
Porsche,Macan GTS Electric,9345000.0,455.0,95.0,209.0,200.0,3.8
Volkswagen,ID.5 GTX,5937225.0,405.0,77.0,190.0,115.0,6.3
Ford,Mustang Mach-E ER RWD,6282150.0,480.0,91.0,190.0,115.0,7.0
Genesis,GV60 Performance,7110075.0,395.0,80.0,203.0,205.0,4.0
Mercedes-Benz,EQE SUV 350+,7928025.0,475.0,96.0,202.0,141.0,6.4
Volkswagen,e-Transporter Kombi L2 210 kW 64 kWh,,250.0,63.8,255.0,75.0,7.4
Smart,EQ forfour,1909950.0,95.0,16.7,176.0,0.0,12.7
DS,DS 3 Crossback E-Tense,3307500.0,255.0,46.3,182.0,78.0,8.7
Peugeot,e-Expert Combi Standard 75 kWh,,265.0,69.0,260.0,79.0,14.3
Porsche,Taycan 4S,9523500.0,415.0,71.0,171.0,183.0,4.0
Porsche,Taycan 4S Cross Turismo,9996000.0,440.0,83.7,190.0,216.0,4.1
Porsche,Taycan GTS,12337500.0,535.0,97.0,181.0,262.0,3.3
Cadillac,LYRIQ-V,,400.0,91.0,228.0,100.0,3.3
Nissan,LEAF 24 kWh,2256450.0,125.0,22.0,176.0,36.0,11.9
Tesla,Model X Standard Range,8037750.0,355.0,72.5,204.0,80.0,4.8
Opel,Zafira-e Life L 75 kWh,,265.0,69.0,260.0,79.0,13.3
Peugeot,e-Traveller Long 75 kWh,,265.0,69.0,260.0,79.0,14.3
Mercedes-Benz,EQE 350 4MATIC,,505.0,90.6,179.0,141.0,6.3
Volvo,EX40 Twin Motor Performance,6253275.0,385.0,79.0,205.0,125.0,4.6
Mercedes-Benz,EQV 250 Long,,215.0,60.0,279.0,60.0,12.0
Škoda,Enyaq 50,3881850.0,310.0,52.0,168.0,90.0,9.1
Porsche,Taycan GTS Sport Turismo,12421500.0,505.0,97.0,192.0,262.0,3.3
Genesis,GV60 Sport,6144075.0,410.0,80.0,195.0,205.0,5.5
Tesla,Model X 60D,,285.0,62.0,218.0,95.0,6.2
Nissan,Ariya e-4ORCE 87kWh - 290 kW,6197625.0,405.0,87.0,215.0,110.0,5.1
Opel,Vivaro-e Combi L 75 kWh,,265.0,69.0,260.0,79.0,13.3
Porsche,Taycan Turbo S Sport Turismo,17020500.0,505.0,97.0,192.0,262.0,2.4
Volvo,EX90 Single Motor,,425.0,88.0,207.0,170.0,6.8
Kia,e-Soul 39 kWh,,230.0,39.2,170.0,37.0,9.9
Volkswagen,ID.5 Pro,5307750.0,430.0,77.0,179.0,125.0,10.4
Porsche,Taycan GTS Sport Turismo,11676000.0,425.0,83.7,197.0,216.0,3.7
Porsche,Taycan Sport Turismo,8421000.0,380.0,71.0,187.0,183.0,5.4
Audi,SQ8 SUV e-tron,10375575.0,455.0,106.0,233.0,144.0,4.5
VinFast,VF 8 Plus Extended Range,,400.0,87.7,219.0,120.0,5.5
Opel,Zafira Electric 75 kWh,5112975.0,265.0,69.0,260.0,79.0,14.2
Lotus,Emeya 900,13648950.0,465.0,98.9,213.0,240.0,2.8
Lucid,Air Pure AWD,,560.0,92.0,164.0,160.0,4.0
Peugeot,e-Rifter Long 50 kWh,3687600.0,200.0,46.3,232.0,78.0,11.7
Ford,Mustang Mach-E GT,7647150.0,425.0,91.0,214.0,86.0,4.4
Audi,Q4 Sportback e-tron 35,,300.0,52.0,173.0,90.0,9.0
Genesis,GV60 Pure,5682075.0,425.0,80.0,188.0,205.0,7.8
Mercedes-Benz,EQE SUV AMG 53 4MATIC+,12088650.0,420.0,90.6,216.0,141.0,3.7
Polestar,3 Rear Motor,7348950.0,440.0,88.0,200.0,170.0,6.5
Smart,EQ fortwo cabrio,2082675.0,95.0,16.7,176.0,0.0,11.8
Porsche,Taycan Turbo Cross Turismo,12694500.0,395.0,83.7,212.0,216.0,3.3
Mercedes-Benz,EQE SUV 350 4MATIC,8400525.0,435.0,90.6,208.0,141.0,6.0
Mercedes-Benz,EQE AMG 53 4MATIC+,12048750.0,455.0,90.6,199.0,141.0,3.5
,EL7 Standard Range,,355.0,73.5,207.0,110.0,3.9
Volkswagen,e-Caravelle L2 160 kW 64 kWh,6465585.0,245.0,63.8,260.0,75.0,8.6
Citroën,ë-Jumpy Combi XL 75 kWh,,265.0,69.0,260.0,79.0,13.3
Ford,Mustang Mach-E SR RWD,5337150.0,375.0,70.0,187.0,78.0,6.9
Peugeot,e-Traveller L2 75 kWh,4986975.0,265.0,69.0,260.0,79.0,14.2
Genesis,G80 Electrified,7939575.0,450.0,90.0,200.0,160.0,5.1
Peugeot,e-Traveller Standard 75 kWh,,265.0,69.0,260.0,79.0,14.3
ORA,Funky Cat 63 kWh,3548475.0,340.0,59.3,174.0,55.0,8.2
Lotus,Emeya S,11419275.0,520.0,98.9,190.0,240.0,4.2
Citroën,ë-SpaceTourer XL 75 kWh,4508175.0,265.0,69.0,260.0,79.0,14.2
Mercedes-Benz,EQE SUV 500 4MATIC,9509850.0,455.0,96.0,211.0,141.0,4.7
Mercedes-Benz,EQS SUV 500 4MATIC,,490.0,108.4,221.0,173.0,5.2
Tesla,Model S 70D,,355.0,69.0,194.0,95.0,5.4
Škoda,Enyaq iV RS,5530350.0,420.0,77.0,183.0,115.0,6.2
Citroën,ë-SpaceTourer M 75 kWh,,265.0,69.0,260.0,79.0,13.3
Opel,Zafira-e Life M 50 kWh,4487175.0,185.0,46.3,250.0,78.0,12.1
Volkswagen,e-Transporter Kombi L1 100 kW 64 kWh,5607420.0,255.0,63.8,250.0,75.0,12.8
Opel,Zafira-e Life M 75 kWh,,265.0,69.0,260.0,79.0,13.3
Mercedes-Benz,eVito Tourer Extra-Long 41 kWh,,120.0,35.0,292.0,0.0,16.0
Mercedes-Benz,EQS 500 4MATIC,,590.0,107.8,183.0,173.0,4.8
Mercedes-Benz,EQV 300 Extra-Long,9865275.0,315.0,90.0,286.0,96.0,12.2
Renault,Zoe R90 Entry,2083725.0,140.0,23.3,166.0,0.0,14.5
Lucid,Air Dream Edition P,,670.0,118.0,176.0,185.0,2.7
Mercedes-Benz,eVito Tourer Long 60 kWh,,210.0,60.0,286.0,96.0,12.0
Audi,Q8 Sportback e-tron 50 quattro,7687575.0,445.0,89.0,200.0,146.0,6.0
Opel,Zafira Electric 50 kWh,,180.0,46.3,257.0,78.0,13.3
Citroën,ë-Berlingo XL 50 kWh,3498075.0,205.0,46.3,226.0,78.0,11.7
Jeep,Avenger Electric 1st Edition,3832500.0,310.0,50.8,164.0,85.0,9.0
Škoda,Enyaq Coupe iV 80x,5513025.0,435.0,77.0,177.0,115.0,7.0
Porsche,Taycan Plus,8783670.0,485.0,83.7,173.0,216.0,5.4
Peugeot,e-Traveller L2 50 kWh,,180.0,46.3,257.0,78.0,13.3
Kia,e-Niro 39 kWh,,235.0,39.2,167.0,37.0,9.8
Tesla,Model X Performance,9434250.0,420.0,95.0,226.0,100.0,3.7
Kia,e-Niro 39 kWh,3107475.0,235.0,39.2,167.0,37.0,9.8
Škoda,Enyaq Coupe iV 60,,345.0,58.0,168.0,82.0,8.8
Opel,Zafira Electric XL 75 kWh,5207475.0,265.0,69.0,260.0,79.0,14.2
Audi,Q4 Sportback e-tron 35,4849950.0,295.0,52.0,176.0,70.0,9.0
Peugeot,e-Expert Combi Standard 50 kWh,,185.0,46.3,250.0,78.0,13.1
Volkswagen,e-Transporter Kombi L1 210 kW 64 kWh,,255.0,63.8,250.0,75.0,7.4
Opel,Combo-e Life XL 50 kWh,3641925.0,200.0,46.3,232.0,78.0,11.7
Ford,Mustang Mach-E SR RWD,5253150.0,375.0,70.0,187.0,78.0,6.9
Porsche,Taycan Turbo S,15571500.0,430.0,83.7,195.0,216.0,2.8
Porsche,Taycan Turbo Sport Turismo,14154000.0,505.0,97.0,192.0,262.0,2.7
Peugeot,e-Traveller Standard 50 kWh,4492425.0,185.0,46.3,250.0,78.0,13.1
Ford,Mustang Mach-E SR AWD,6308400.0,345.0,70.0,203.0,78.0,6.3
Porsche,Taycan Turbo,13209000.0,445.0,83.7,188.0,216.0,3.2
Genesis,GV60 Sport,6128325.0,375.0,74.0,197.0,200.0,5.5
Volkswagen,ID.4 Pro 4MOTION,,405.0,77.0,190.0,115.0,6.9
Mercedes-Benz,EQE AMG 43 4MATIC,,450.0,90.6,201.0,141.0,4.2
Ford,e-Tourneo Custom L2 160 kW,6481335.0,235.0,64.0,272.0,70.0,9.0
Mercedes-Benz,EQE AMG 53 4MATIC+,11129475.0,450.0,90.6,201.0,141.0,3.5
Audi,Q4 Sportback e-tron 45 quattro,,400.0,76.6,192.0,115.0,6.9
Kia,e-Soul 39.2 kWh,3451875.0,230.0,39.2,170.0,37.0,9.9
Hongqi,E-HS7 111 kWh AWD Pro,,435.0,95.3,219.0,210.0,3.9
Genesis,GV60 Sport Plus,7088025.0,360.0,74.0,206.0,200.0,4.0
Fisker,Ocean Sport,3874500.0,350.0,71.0,203.0,100.0,7.4
Toyota,Proace City Verso L2 50 kWh,3581865.0,205.0,46.3,226.0,78.0,11.2
Mercedes-Benz,eVito Tourer Long 60 kWh,,220.0,60.0,273.0,60.0,12.0
Tesla,Model S P90DL,,405.0,85.5,211.0,90.0,3.0
ORA,Funky Cat GT,,330.0,59.3,180.0,55.0,8.2
Porsche,Taycan 4S Sport Turismo,10153500.0,440.0,82.3,187.0,195.0,3.7
Audi,e-tron S Sportback,9313500.0,335.0,86.5,258.0,146.0,4.5
Peugeot,e-Traveller L3 50 kWh,,180.0,46.3,257.0,78.0,13.3
Mercedes-Benz,EQV 300 Extra-Long,,310.0,90.0,290.0,96.0,12.1
Porsche,Taycan Turbo S Cross Turismo,15057000.0,380.0,83.7,220.0,216.0,2.9
Porsche,Taycan Turbo S Cross Turismo,17062500.0,485.0,97.0,200.0,262.0,2.5
Lucid,Air Touring,,605.0,96.0,159.0,160.0,3.6
Volkswagen,e-Transporter Kombi L1 160 kW 64 kWh,,255.0,63.8,250.0,75.0,8.6
Volkswagen,e-Caravelle L2 100 kW 64 kWh,6000645.0,245.0,63.8,260.0,75.0,12.8
Tesla,Model X P90DL,,375.0,85.5,228.0,90.0,3.4
Tesla,Model X Ludicrous Performance,10641750.0,440.0,95.0,216.0,100.0,2.9
Toyota,Proace Verso M 50 kWh,4513740.0,185.0,46.3,250.0,78.0,12.1
Mercedes-Benz,EQE SUV 350+,,450.0,90.6,201.0,141.0,6.7
Mercedes-Benz,EQE SUV 300,,450.0,90.6,201.0,141.0,7.1
Fiat,E-Ulysse L2 75 kWh,,265.0,69.0,260.0,79.0,13.3
Mini,Cooper SE Convertible,5512500.0,165.0,28.9,175.0,44.0,8.2
,BE11 Standard Range,3884475.0,325.0,68.0,209.0,50.0,9.6
Kia,e-Soul 39 kWh,,230.0,39.2,170.0,37.0,9.6
Opel,Zafira-e Life L 50 kWh,4575375.0,180.0,46.3,257.0,78.0,12.1
Citroën,ë-SpaceTourer M 50 kWh,3846675.0,180.0,46.3,257.0,78.0,13.3
Citroën,ë-SpaceTourer XL 50 kWh,3941175.0,180.0,46.3,257.0,78.0,13.3
Ford,e-Tourneo Custom L1 210 kW,,235.0,64.0,272.0,70.0,8.0
Tesla,Model S P90DL,,405.0,85.5,211.0,90.0,3.0
Citroën,ë-SpaceTourer XS 50 kWh,,185.0,46.3,250.0,78.0,12.1
Peugeot,e-Traveller Long 50 kWh,4580625.0,185.0,46.3,250.0,78.0,13.1
Toyota,Proace Shuttle L 75 kWh,,265.0,69.0,260.0,79.0,13.1
Porsche,Taycan 4S Sport Turismo,9628500.0,370.0,71.0,192.0,183.0,4.0
Fiat,E-Ulysse L3 75 kWh,,265.0,69.0,260.0,79.0,13.3
Volvo,EC40 Twin Motor Performance,6253275.0,400.0,79.0,198.0,125.0,4.6
Ford,Mustang Mach-E SR AWD,,350.0,72.6,207.0,100.0,6.2
Citroën,ë-SpaceTourer XL 75 kWh,,265.0,69.0,260.0,79.0,13.3
Porsche,Taycan 4S Plus,9974580.0,480.0,83.7,174.0,216.0,4.0
Škoda,Enyaq Coupe 60,,345.0,58.0,168.0,82.0,8.8
Volkswagen,e-Caravelle L1 210 kW 64 kWh,6965175.0,245.0,63.8,260.0,75.0,7.4
Opel,Vivaro-e Combi M 50 kWh,3884475.0,185.0,46.3,250.0,78.0,12.1
Porsche,Taycan Plus Sport Turismo,8888670.0,445.0,83.7,188.0,216.0,5.4
Audi,e-tron Sportback 50 quattro,6702675.0,295.0,64.7,219.0,114.0,6.8
Opel,Zafira Electric XL 50 kWh,,180.0,46.3,257.0,78.0,13.3
Volkswagen,e-Transporter Kombi L2 100 kW 64 kWh,5714520.0,250.0,63.8,255.0,75.0,12.8
Ford,Mustang Mach-E SR AWD,,345.0,70.0,203.0,78.0,6.3
Porsche,Taycan Turbo S Cross Turismo,15676500.0,410.0,83.7,204.0,216.0,2.9
Mercedes-Benz,eVito Tourer Extra-Long 60 kWh,,215.0,60.0,279.0,60.0,12.0
Audi,e-tron S,9135000.0,320.0,86.5,270.0,146.0,4.5
Opel,Vivaro-e Combi S 50 kWh,,185.0,46.3,250.0,78.0,12.1
Volkswagen,e-Caravelle L1 100 kW 64 kWh,5893545.0,245.0,63.8,260.0,75.0,12.8
Volkswagen,e-Caravelle L1 160 kW 64 kWh,6358485.0,245.0,63.8,260.0,75.0,8.6
Citroën,ë-Jumpy Combi M 50 kWh,,185.0,46.3,250.0,78.0,12.1
Opel,Vivaro-e Combi L 50 kWh,3972675.0,180.0,46.3,257.0,78.0,12.1
Toyota,Proace Shuttle M 50 kWh,,185.0,46.3,250.0,78.0,12.1
Mercedes-Benz,eVito Tourer Extra-Long 60 kWh,,205.0,60.0,293.0,96.0,12.0
Ford,Mustang Mach-E SR AWD,,350.0,72.6,207.0,100.0,6.2
Porsche,Taycan Turbo S Sport Turismo,15676500.0,395.0,83.7,212.0,216.0,2.8
Fiat,E-Ulysse L2 50 kWh,,185.0,46.3,250.0,78.0,12.1
Audi,SQ8 Sportback e-tron,10638075.0,480.0,106.0,221.0,144.0,4.5
Opel,Combo Electric XL 50 kWh,3316950.0,230.0,50.0,217.0,80.0,11.3
Volkswagen,e-Transporter Kombi L2 160 kW 64 kWh,,250.0,63.8,255.0,75.0,8.6
Smart,ForTwo Cabrio Electric Drive,1948800.0,95.0,16.7,176.0,0.0,11.8
Porsche,Taycan 4S Plus Sport Turismo,10079580.0,430.0,83.7,195.0,216.0,4.0
Porsche,Taycan Turbo Sport Turismo,13314000.0,405.0,83.7,207.0,216.0,3.2
Mercedes-Benz,EQV 250 Extra-Long,,210.0,60.0,286.0,60.0,12.0
Mercedes-Benz,EQV 250 Long,,205.0,60.0,293.0,60.0,12.0
Citroën,ë-SpaceTourer XL 50 kWh,3977925.0,180.0,46.3,257.0,78.0,12.1
Opel,Zafira-e Life S 50 kWh,,185.0,46.3,250.0,78.0,12.1
Toyota,Proace Shuttle L 50 kWh,,180.0,46.3,257.0,78.0,12.1
Toyota,Proace Shuttle M 75 kWh,,265.0,69.0,260.0,79.0,13.1
Mercedes-Benz,EQE SUV 300,,440.0,89.0,202.0,120.0,7.6
Mercedes-Benz,EQV 250 Extra-Long,,205.0,60.0,293.0,60.0,12.0
Porsche,Taycan Turbo Cross Turismo,13314000.0,425.0,83.7,197.0,216.0,3.3
Peugeot,e-Traveller Compact 50 kWh,,185.0,46.3,250.0,78.0,12.1
Citroën,ë-Jumpy Combi XL 50 kWh,,180.0,46.3,257.0,78.0,12.1
Fiat,E-Ulysse L3 50 kWh,,180.0,46.3,257.0,78.0,12.1
Peugeot,e-Expert Combi Long 50 kWh,,185.0,46.3,250.0,78.0,13.1
Citroën,ë-Jumpy Combi XS 50 kWh,,185.0,46.3,250.0,78.0,12.1
Peugeot,e-Expert Combi Compact 50 kWh,,185.0,46.3,250.0,78.0,12.1
